sale_id,sale_number,created_at,sale_total,tendered,line_id,description,quantity,unit_price,line_total
5278,INV120,2025-05-03 10:30:39,1.0,1.0,11668,PRIMOLUT-N 5MG 30S,2,32.84,65.68
5296,INV138,2025-05-03 14:12:27,50.0,50.0,11697,GLYCOPYRRONIUM BROMIDE INJ,4,9.0,36.0
5362,INV203,2025-05-06 08:48:20,37.0,37.0,11800,METRONIDAZOLE 400MG TABS 1000S,1,34.5,34.5
5362,INV203,2025-05-06 08:48:20,37.0,37.0,11801,SODIUM VALPORATE 200MG (TORRENT) 100S TABS,3,13.659999999999998,40.98
5419,INV260,2025-05-07 07:47:12,1.0,1.0,11899,AVACORT 200/6MCG,1,23.8,23.8
5419,INV260,2025-05-07 07:47:12,1.0,1.0,11900,NAN 1 400G,6,4.67,28.02
5425,INV266,2025-05-07 10:12:50,2.0,0.0,11908,HUGGIES EXTRA CARE SIZE 0 25S,3,5.0,15.0
5425,INV266,2025-05-07 10:12:50,2.0,0.0,11909,COLCAPS SYRUP 100ML,6,3.73,22.38
5478,INV319,2025-05-08 08:46:02,54.0,54.0,11996,MEROPENEM INJ 1G(SUNPHARMA),10,8.0,80.0
5478,INV319,2025-05-08 08:46:02,54.0,54.0,11997,ZINCODERM CREAM 32 %,2,8.8,17.6
5560,INV401,2025-05-09 10:54:56,4.0,4.0,12133,ZOLENDRONIC ACID 4MG INJ 5ML,1,15.98,15.98
5615,INV456,2025-05-09 19:37:07,1.0,1.0,12216,ZOLENDRONIC ACID 4MG INJ 5ML,2,15.98,31.96
5623,INV464,2025-05-10 04:56:48,4.0,4.0,12226,VARIPAN SYRUP 100ML,13,1.2999999999999998,16.9
5623,INV464,2025-05-10 04:56:48,4.0,4.0,12227,VARIPAN SYRUP 100ML,10,1.3,13.0
5624,INV465,2025-05-10 09:30:36,0.5,0.5,12229,BREAST PUMP (MANUAL),2,10.0,20.0
5624,INV465,2025-05-10 09:30:36,0.5,0.5,12230,BREAST PUMP SILICONE,1,0.5,0.5
5684,INV579,2025-05-12 00:21:53,22.0,22.0,12313,COTTON WOOL  500G,8,4.12,32.96
5686,INV526,2025-05-12 09:37:55,1.0,1.0,12317,PYNSTOP TABLETS 50S,2,7.59,15.18
5691,INV531,2025-05-12 10:29:11,5.0,5.0,12324,KITKAT  MINIS  20G,36,0.16,5.76
5691,INV531,2025-05-12 10:29:11,5.0,5.0,12325,FREEGELLS,24,0.15,3.6
5691,INV531,2025-05-12 10:29:11,5.0,5.0,12326,LUNCH BAR MINI,48,0.27,12.96
5691,INV531,2025-05-12 10:29:11,5.0,5.0,12327,SOFTCARE PADS 8S,24,0.58,13.92
5691,INV531,2025-05-12 10:29:11,5.0,5.0,12328,HALLS ASSORTED,72,0.02,1.44
5691,INV531,2025-05-12 10:29:11,5.0,5.0,12329,STAYFREE PADS 10S,4,0.63,2.52
5691,INV531,2025-05-12 10:29:11,5.0,5.0,12330,J & J WIPES,2,2.4,4.8
5691,INV531,2025-05-12 10:29:11,5.0,5.0,12331,MAYNARDS JELLY BABIES 75G,48,0.5599999999999999,26.88
5691,INV531,2025-05-12 10:29:11,5.0,5.0,12332,NIVEA ROLL ON,6,2.5,15.0
5691,INV531,2025-05-12 10:29:11,5.0,5.0,12333,LAYS ASSORTED,60,0.31,18.6
5691,INV531,2025-05-12 10:29:11,5.0,5.0,12334,COSMO HAIR REMOVER SMALL 40G,9,0.25,2.25
5691,INV531,2025-05-12 10:29:11,5.0,5.0,12335,COTTON WOOL  500G,2,4.12,8.24
5697,INV537,2025-05-12 11:22:18,5.0,5.0,12348,4CS SYRUP 100ML,40,1.7,68.0
5697,INV537,2025-05-12 11:22:18,5.0,5.0,12349,AVEFORA PETROLEUM JELLY,5,0.55,2.75
5705,INV545,2025-05-12 12:36:07,1.0,1.0,12367,SACUBITRIL 97MG/VALSARTAN 103MG 30S,3,16.0,48.0
5711,INV551,2025-05-12 13:40:21,20.0,20.0,12382,MAGNEVEST,1,54.85,54.85
5865,INV705,2025-05-15 07:32:20,1.0,1.0,12648,DEPO MEDROL 80MG/2ML INJECTION VIAL,6,9.0,54.0
5892,INV732,2025-05-15 16:08:01,1.0,1.0,12690,MEROPENEM INJ 1G(SUNPHARMA),10,8.0,80.0
5931,INV772,2025-05-16 11:23:22,6.0,0.0,12745,COTTON WOOL H&H 250G,12,2.58,30.96
6019,INV860,2025-05-17 19:31:22,19.0,20.0,12883,MICONAZOLE 2% VAGINAL CREAM 40G,2,5.0,10.0
6146,INV984,2025-05-21 10:44:36,10.0,10.0,13084,CANDID B LOTION,3,3.34,10.02
6152,INV990,2025-05-21 13:07:31,6.0,6.0,13092,FLUMED TABS 24S,10,1.9100000000000001,19.1
6157,INV995,2025-05-21 15:10:41,1.0,1.0,13098,AMIKACIN 500MG/2ML INJECTION,8,4.0,32.0
6171,INV1009,2025-05-21 19:07:00,20.0,0.0,13120,RANITIDINE 50MG/2ML INJECTION 1S,50,0.9,45.0
6171,INV1009,2025-05-21 19:07:00,20.0,0.0,13121,LOGYNON ED 28S TABS,2,8.5,17.0
6174,INV1012,2025-05-22 08:26:06,29.0,29.0,13125,LINEN SAVERS 10S,2,6.0,12.0
6174,INV1012,2025-05-22 08:26:06,29.0,29.0,13126,SHARPS TIN JEM,1,3.5,3.5
6174,INV1012,2025-05-22 08:26:06,29.0,29.0,13127,BP MONITOR (CUFF ONLY) LARGE,1,12.0,12.0
6213,INV1051,2025-05-22 15:17:29,16.0,50.0,13186,ELBOW CLUTCH CLOSED,1,12.0,12.0
6251,INV1088,2025-05-23 12:42:05,3.0,3.0,13241,SULPIRIDE TABLES 200MG 30`S,2,15.0,30.0
6259,INV1096,2025-05-23 15:02:32,0.5,0.5,13254,ZITHROMAX 500MG TABS 3S,10,4.8,48.0
6259,INV1096,2025-05-23 15:02:32,0.5,0.5,13255,S26 GOLD STAGE 1 900G,1,20.0,20.0
6347,INV1182,2025-05-26 12:34:12,4.0,4.0,13392,OREO 128G,5,0.8,4.0
6352,INV1187,2025-05-26 14:10:47,0.5,0.5,13400,GLUCOPECT SUSPENSION 100ML,12,2.75,33.0
6352,INV1187,2025-05-26 14:10:47,0.5,0.5,13401,DISPRIN TABS 12S,2,2.29,4.58
6352,INV1187,2025-05-26 14:10:47,0.5,0.5,13402,HYDROCORTISONE INJ 100MG,40,1.05,42.0
6352,INV1187,2025-05-26 14:10:47,0.5,0.5,13403,BETAPYN TABS 18S,4,2.29,9.16
6352,INV1187,2025-05-26 14:10:47,0.5,0.5,13404,PYNSTOP TABLETS 50S,6,6.93,41.58
6352,INV1187,2025-05-26 14:10:47,0.5,0.5,13405,ZOLADEX 10.8MG INJ,1,270.0,270.0
6383,INV1218,2025-05-27 15:18:21,8.0,8.0,13465,CIPYNE CAPS 30S,10,2.75,27.5
6383,INV1218,2025-05-27 15:18:21,8.0,8.0,13466,TETRACYCLINE EYE OINT 1%,5,0.8,4.0
6504,INV1339,2025-05-29 19:33:42,21.0,21.0,13689,METHYLDOPA 250MG 500S,1,39.74,39.74
6526,INV1361,2025-05-30 12:23:08,169.0,0.0,13722,TED STOCKINGS ASSORTED,2,15.0,30.0
6526,INV1361,2025-05-30 12:23:08,169.0,0.0,13723,LOSARTAN 50MG TABS 100S (VALOSAR),1,5.5,5.5
6625,INV1460,2025-06-02 09:09:13,1.0,1.0,13866,SODIUM VALPROATE SYRUP 100ML (EPIVULEX),3,12.0,36.0
6635,INV1470,2025-06-02 11:43:35,5.0,5.0,13877,GAVISCON LIQ DOUBLE ACTION SACHETS SINGLES,24,0.41,9.84
6635,INV1470,2025-06-02 11:43:35,5.0,5.0,13878,SOLPHYLLIN SYRUP 200ML,10,5.68,56.8
6635,INV1470,2025-06-02 11:43:35,5.0,5.0,13879,PCD CHESTY COUGH,8,2.0,16.0
6635,INV1470,2025-06-02 11:43:35,5.0,5.0,13880,GAVISCON ADV A/SEED 200ML (PREGNANT WOMEN),2,7.7,15.4
6720,INV1554,2025-06-03 14:13:38,8.0,8.0,14022,ZITHROMAX 500MG TABS 3S,5,4.8,24.0
6758,INV1592,2025-06-04 11:29:59,3.0,3.0,14082,IRON SUCROSE 20MG/ML 5S,4,11.0,44.0
6768,INV1602,2025-06-04 12:18:54,1.0,1.0,14097,GAVISCON LIQUID ORIGINAL ANISEED 300ML,1,7.67,7.67
6920,INV1753,2025-06-07 08:14:16,9.0,10.0,14346,CAREX 3S RIBBED,4,1.33,5.32
6920,INV1753,2025-06-07 08:14:16,9.0,10.0,14347,PROTECTOR PLUS VANILLA 3S,15,0.53,7.95
6923,INV1756,2025-06-07 09:03:14,13.0,13.0,14353,PANTOPRAZOLE (PANTIN) 40MG TABS 30`S,1,2.2,2.2
6953,INV1786,2025-06-07 16:09:33,3.0,3.0,14388,CANDID V GEL (CLOTRIMAZOLE) 30GM 1S,10,3.5200000000000005,35.2
6953,INV1786,2025-06-07 16:09:33,3.0,3.0,14389,MICONAZOLE 2% VAGINAL CREAM 40G,1,5.0,5.0
6953,INV1786,2025-06-07 16:09:33,3.0,3.0,14390,CLOTRIMAZOLE VAGINAL CREAM (CLOSCRIPT) 30G,1,4.96,4.96
6998,INV1831,2025-06-09 13:48:07,15.0,15.0,14458,JAMES CLEAR ATOMIC HABITS,1,31.0,31.0
7033,INV1866,2025-06-09 18:08:58,26.0,0.0,14516,LOSARTAN 50MG TABS 100S (VALOSAR),1,5.5,5.5
7033,INV1866,2025-06-09 18:08:58,26.0,0.0,14517,VITAMIN C 1000MG+ZINC 10MG (POTEN C),3,3.85,11.55
7069,INV1902,2025-06-10 14:43:33,11.0,11.0,14578,SODIUM CHLORIDE 0.45% 1000ML,3,6.0,18.0
7097,INV1930,2025-06-10 18:00:18,5.0,5.0,14623,SILVER SULPHADIAZINE CREAM 500G,6,9.0,54.0
7097,INV1930,2025-06-10 18:00:18,5.0,5.0,14624,SILVER SULFADIAZINE 300G,1,8.2,8.2
7097,INV1930,2025-06-10 18:00:18,5.0,5.0,14625,ZINCODERM CREAM 32 %,4,8.8,35.2
7097,INV1930,2025-06-10 18:00:18,5.0,5.0,14626,SILVER SULPHADIAZINE CRM 100G,6,5.0,30.0
7117,INV1950,2025-06-11 10:38:47,1.0,1.0,14659,COTRIMOXAZOLE (BENCOLE) 240MG/5ML SUSPENSION 100ML,3,1.7,5.1
7153,INV1985,2025-06-11 16:18:22,1.5,1.5,14711,TRESIBA FLEXIPEN 100IU/ML 3ML,1,17.0,17.0
7197,INV2028,2025-06-12 13:14:16,2.0,2.0,14772,CORILIEF 5 FLU TABS 24S,12,4.0,48.0
7197,INV2028,2025-06-12 13:14:16,2.0,2.0,14773,ARTIFICIAL TEARS (CARBOXYNETHYLCELLULOSE) 0.5% W/V,10,1.56,15.6
7198,INV2029,2025-06-12 13:23:11,1.0,0.0,14775,TRESIBA FLEXIPEN 100IU/ML 3ML,2,17.0,34.0
7304,INV2134,2025-06-14 09:29:56,5.0,5.0,14930,ADULT DIAPERS EXTRA LARGE,1,6.0,6.0
7304,INV2134,2025-06-14 09:29:56,5.0,5.0,14931,ADULT DIAPERS EXTRA LARGE,1,6.0,6.0
7315,INV2145,2025-06-14 12:00:23,3.0,3.0,14951,LIQUID PARAFFIN 100ML,8,1.0,8.0
7315,INV2145,2025-06-14 12:00:23,3.0,3.0,14952,SODIUM CHLORIDE 0.45% 1000ML,12,6.0,72.0
7332,INV2162,2025-06-14 13:21:06,4.0,4.0,14975,LINEN SAVERS 10S,2,6.0,12.0
7384,INV2285,2025-06-16 02:31:19,10.0,10.0,15107,PEANUTS PRECOOKED NUTS,14,0.65,9.1
7392,INV2221,2025-06-16 10:53:06,18.0,18.0,15119,OREO 128G,2,0.8,1.6
7392,INV2221,2025-06-16 10:53:06,18.0,18.0,15120,LAYS ASSORTED,3,0.31,0.93
7401,INV2230,2025-06-16 12:03:12,35.0,35.0,15179,OROFER SYRUP 150ML,5,3.5,17.5
7451,INV2280,2025-06-16 19:26:39,2.0,2.0,15265,FLUCONAZOLE 200MG TABS 35S,1,6.17,6.17
7451,INV2280,2025-06-16 19:26:39,2.0,2.0,15266,CORILIEF 5 FLU SYRUP 200ML,4,4.5,18.0
7451,INV2280,2025-06-16 19:26:39,2.0,2.0,15267,AMPICILLIN SOD. INJ.500MG VIAL,40,0.5900000000000001,23.6
7451,INV2280,2025-06-16 19:26:39,2.0,2.0,15268,PALONOSETRON 0.25MG/5ML INJECTION,10,8.98,89.8
7516,INV2346,2025-06-17 16:54:25,4.0,0.0,15359,CASTOR OIL 100ML,4,0.9,3.6
7516,INV2346,2025-06-17 16:54:25,4.0,0.0,15360,LIQUID PARAFFIN 100ML,4,1.0,4.0
7516,INV2346,2025-06-17 16:54:25,4.0,0.0,15361,OLIVE OIL 50ML,5,0.99,4.95
7532,INV2362,2025-06-17 20:17:01,5.0,5.0,15380,PARACETAMOL (ANTALGIC) 500MG TABS 1000S,1,11.0,11.0
7585,INV2415,2025-06-18 17:49:32,5.0,0.0,15454,MATERNITY PADS (EASY ON) 10S,4,1.7,6.8
7656,INV2486,2025-06-19 19:14:25,10.0,10.0,15578,HIV TEST KITS REGULAR,5,1.0,5.0
7656,INV2486,2025-06-19 19:14:25,10.0,10.0,15579,METRONIDAZOLE IV 0.5% 100ML INJ,3,0.6,1.8
7656,INV2486,2025-06-19 19:14:25,10.0,10.0,15580,VENTEZE COMPLETE INHALER,6,2.1,12.6
7656,INV2486,2025-06-19 19:14:25,10.0,10.0,15581,BECLATE INH 200MCG/DOSE,1,8.0,8.0
7656,INV2486,2025-06-19 19:14:25,10.0,10.0,15582,TENORIC 50MG TABS 28S,2,5.22,10.44
7656,INV2486,2025-06-19 19:14:25,10.0,10.0,15583,HEPARIN 5000INJ 5ML,9,4.800000000000001,43.2
7685,INV2515,2025-06-20 13:30:36,5.0,5.0,15634,CASTOR OIL 100ML,3,0.9,2.7
7685,INV2515,2025-06-20 13:30:36,5.0,5.0,15635,METHYLATED SPIRIT 100ML,20,0.4,8.0
7689,INV2519,2025-06-20 13:55:52,13.0,13.0,15641,TELAMENT COLIC DROPS 30ML,2,7.5,15.0
7706,INV2536,2025-06-20 16:05:56,1.0,1.0,15667,PCD CHESTY COUGH,12,2.0,24.0
7803,INV2632,2025-06-23 09:59:42,1.0,1.0,15821,TELMISARTAN 40MG TABS 30S,1,2.7,2.7
7803,INV2632,2025-06-23 09:59:42,1.0,1.0,15822,HYDROCHLOROTHIAZIDE (VAR) 25MG TABS 1000S,1,0.54,0.54
7822,INV2651,2025-06-23 11:53:32,28.0,50.0,15846,SOFTCARE PADS 8S,30,0.58,17.4
7867,INV2696,2025-06-23 18:33:45,15.0,15.0,15919,MED LEMON ASSORTED SINGLES,12,0.38999999999999996,4.68
7901,INV2730,2025-06-24 12:06:30,5.0,5.0,15964,CANDID EAR DROPS 15ML,6,2.0500000000000003,12.3
7901,INV2730,2025-06-24 12:06:30,5.0,5.0,15965,DICLOFENAC EYE DROPS,30,1.0,30.0
7931,INV2760,2025-06-24 16:43:06,5.0,5.0,16016,VICKS VAPORUB SMALL 10G,40,0.35,14.0
7957,INV2786,2025-06-25 12:01:20,0.5,0.5,16057,PCD CHESTY COUGH,4,2.0,8.0
7957,INV2786,2025-06-25 12:01:20,0.5,0.5,16058,PCD DRY COUGH 100ML,3,2.0,6.0
7957,INV2786,2025-06-25 12:01:20,0.5,0.5,16059,ALFOXID SUSPENSION 100ML,6,2.62,15.72
7957,INV2786,2025-06-25 12:01:20,0.5,0.5,16060,COLCAPS SYRUP 100ML,12,3.73,44.76
7957,INV2786,2025-06-25 12:01:20,0.5,0.5,16061,IBUCET MENSTRUAL CAPS 20S,16,2.8,44.8
7957,INV2786,2025-06-25 12:01:20,0.5,0.5,16062,IBUCET CAPS 30`S,7,2.89,20.23
8011,INV2840,2025-06-26 11:18:41,8.0,8.0,16129,MEFENAMIC ACID 100ML (VARISTAN),10,2.4,24.0
8051,INV2878,2025-06-26 17:30:07,1.0,1.0,16191,DEEP HEAT SPRAY 150ML,6,6.37,38.22
8051,INV2878,2025-06-26 17:30:07,1.0,1.0,16192,GLYCERINE SUPPOSITORIES FOR INFANTS 12S LENNON,10,3.5100000000000002,35.1
8051,INV2878,2025-06-26 17:30:07,1.0,1.0,16193,GENTIAN VIOLET  100ML,20,1.5,30.0
8051,INV2878,2025-06-26 17:30:07,1.0,1.0,16194,GLYCERINE SUPPS 12S ADULT,10,4.0,40.0
8051,INV2878,2025-06-26 17:30:07,1.0,1.0,16195,GLUCOSE TABS [ENERGEN],25,0.58,14.5
8051,INV2878,2025-06-26 17:30:07,1.0,1.0,16196,AURONE EAR DROPS 15ML,3,6.2,18.6
8051,INV2878,2025-06-26 17:30:07,1.0,1.0,16197,CODE FREE STRIPS,1,10.0,10.0
8073,INV2900,2025-06-27 11:18:14,97.0,97.0,16234,FOSENEMA 150ML,6,2.89,17.34
8108,INV2935,2025-06-27 18:34:02,5.0,5.0,16298,MICORT CREAM 15G,3,2.5,7.5
8148,INV2975,2025-06-28 16:52:10,1.0,1.0,16368,LULICONAZOLE CREAM 1 %,4,3.5,14.0
8148,INV2975,2025-06-28 16:52:10,1.0,1.0,16369,LATEX GLOVES,5,2.6,13.0
8178,INV3003,2025-06-30 10:04:24,10.0,10.0,16420,SACUBITRIL 49MG/VALSARTAN 51MG TABS 30`S,3,11.5,34.5
8178,INV3003,2025-06-30 10:04:24,10.0,10.0,16421,MEFENAMIC ACID 100ML (VARISTAN),8,2.4,19.2
8178,INV3003,2025-06-30 10:04:24,10.0,10.0,16422,ALFOXID SUSPENSION 100ML,2,2.62,5.24
8206,INV3030,2025-06-30 14:09:52,2.0,2.0,16488,CEFTRIAXONE 1G INJ (WITH WATER FOR INJECTION),336,0.42000000000000004,141.12
8260,INV3084,2025-07-01 11:22:06,4.0,4.0,16568,GAUZE ROLL 90CM * 50M 4PLY 1S,8,9.0,72.0
8260,INV3084,2025-07-01 11:22:06,4.0,4.0,16569,GAUZE ROLL 90CM*100M 4PLY,5,16.0,80.0
8509,INV3331,2025-07-04 12:30:11,1.0,1.0,16943,LOSARTAN 25MG TABS 30S (PRESARTAN),10,1.9899999999999998,19.9
8509,INV3331,2025-07-04 12:30:11,1.0,1.0,16944,LOSARTAN 50MG TABS 30S (PRESARTAN),2,2.2,4.4
8659,INV3481,2025-07-07 11:47:14,3.0,3.0,17158,SINOCARE GLUCO-STRIPS 50S (SAFE AQ),5,10.0,50.0
8747,INV3569,2025-07-08 10:47:58,1.0,1.0,17301,BENYLIN 4 FLU 200MLS 1,48,5.91,283.68
8762,INV3584,2025-07-08 12:58:18,12.0,0.0,17328,BEACON DESSERT CHOCOLATES,1,7.16,7.16
8782,INV3604,2025-07-08 14:45:26,1.0,1.0,17356,ALBUMIN 20% 100ML,1,78.5,78.5
8802,INV3623,2025-07-08 19:50:48,12.0,12.0,17385,SEROCORT 250 INHALER (SALMETEROL25MCG&FLUTICASONE250MG),3,9.299999999999999,27.9
8905,INV3726,2025-07-10 11:21:00,14.0,14.0,17536,FLUMEL TABS 12S,60,1.47,88.2
8905,INV3726,2025-07-10 11:21:00,14.0,14.0,17537,B-VIT TABS 30S (B COMPLEX),10,2.5,25.0
8905,INV3726,2025-07-10 11:21:00,14.0,14.0,17538,GLUCOPECT SUSPENSION 100ML,31,2.75,85.25
8905,INV3726,2025-07-10 11:21:00,14.0,14.0,17539,BETACIDE MOUTH WASH 200ML,3,2.63,7.89
8905,INV3726,2025-07-10 11:21:00,14.0,14.0,17540,ORACHLOR MOUTHWASH 200ML,3,5.0,15.0
8905,INV3726,2025-07-10 11:21:00,14.0,14.0,17541,MR STRONG C/ MIXT.  100ML,8,1.33,10.64
8906,INV3727,2025-07-10 11:37:28,1.0,1.0,17543,METHYLATED SPIRIT 100ML,10,0.4,4.0
8906,INV3727,2025-07-10 11:37:28,1.0,1.0,17544,METHYLATED SPIRIT 200ML,2,2.0,4.0
8932,INV3753,2025-07-10 15:45:16,54.0,54.0,17586,NICOTINE 4MG (NICORETTE) 30S,1,12.57,12.57
8958,INV3778,2025-07-10 18:25:28,1.0,1.0,17623,CALAMINE CREAM 100ML,1,1.3,1.3
8974,INV3794,2025-07-10 23:03:06,6.0,6.0,17649,METRONIDAZOLE IV 0.5% 100ML INJ,50,0.6,30.0
8979,INV3799,2025-07-11 08:41:48,3.0,3.0,17655,PYNSTOP TABLETS 50S,14,6.93,97.02
8979,INV3799,2025-07-11 08:41:48,3.0,3.0,17656,PYNGO TABLETS 50S,6,6.5,39.0
8979,INV3799,2025-07-11 08:41:48,3.0,3.0,17657,MYPRODOL CAPSULES 30S,15,3.92,58.8
9035,INV3854,2025-07-11 19:56:03,4.0,4.0,17747,FIRST AID BOX (MEDIUM) GREEN BOX,1,35.0,35.0
9038,INV3857,2025-07-11 20:29:51,20.0,20.0,17753,LOPERAMIDE (LOCKIT) TABS 10S,3,0.35000000000000003,1.05
9048,INV3866,2025-07-12 10:56:54,4.0,4.0,17773,ADAPALENE GEL 0.1% 15GM,25,3.54,88.5
9066,INV3884,2025-07-12 15:01:21,1.0,1.0,17798,XYLOMETAZOLINE NASAL DROPS  CHILDREN 10ML,5,1.0,5.0
9091,INV3909,2025-07-13 14:45:24,14.0,14.0,17832,PROCEDYL LINCTUS 100ML,2,7.84,15.68
9144,INV3961,2025-07-14 18:58:45,0.5,0.0,17901,FOSENEMA 150ML,18,2.89,52.02
9166,INV3983,2025-07-15 09:27:02,16.0,0.0,17948,FLUSTOP CAPS 16S,20,2.0,40.0
9267,INV4083,2025-07-16 10:55:42,1.0,1.0,18099,LOSARTAN 50MG TABS 30S (PRESARTAN),1,2.2,2.2
9322,INV4138,2025-07-16 20:51:51,12.0,25.0,18173,ZINCOL 20 DISPERSIBLE TABS 10S,30,0.42,12.6
9340,INV4156,2025-07-17 10:16:57,20.0,20.0,18198,CANNULA 16G (GREY),300,0.16,48.0
9340,INV4156,2025-07-17 10:16:57,20.0,20.0,18199,CANNULA 24G (YELLOW),200,0.15,30.0
9345,INV4161,2025-07-17 11:47:16,105.0,105.0,18206,ENOXAPARIN LOMOH 40MG 1S,3,4.0,12.0
9345,INV4161,2025-07-17 11:47:16,105.0,105.0,18207,SKIN TRACTION KIT ADULT (NON-ADHESIVE),1,8.0,8.0
9420,INV4235,2025-07-18 02:41:40,1.0,1.0,18326,TETANUS VACC.10/DOSE 5ML,8,2.8,22.4
9420,INV4235,2025-07-18 02:41:40,1.0,1.0,18327,OROFER SYRUP 150ML,8,3.5,28.0
9420,INV4235,2025-07-18 02:41:40,1.0,1.0,18328,SKIN TRACTION KIT ADULT (NON-ADHESIVE),1,8.0,8.0
9437,INV4252,2025-07-18 13:11:33,1.0,1.0,18369,ERYTHROPOIETIN 10000IU INJ 5ML,2,21.18,42.36
9548,INV4363,2025-07-19 16:29:27,2.0,2.0,18541,GAVISCON DBL/ACT PEPPERMINT TABS 24S,3,3.5,10.5
9548,INV4363,2025-07-19 16:29:27,2.0,2.0,18542,AUZIFLORA V CAPS 10`S,3,15.0,45.0
9548,INV4363,2025-07-19 16:29:27,2.0,2.0,18543,TRAMADOL 50MG CAPSULES (VAR) 100S,1,6.9,6.9
9615,INV4429,2025-07-21 16:15:11,8.0,8.0,18662,MAYNARDS WINE GUMS,4,0.63,2.52
9634,INV4448,2025-07-21 20:34:28,10.0,10.0,18686,OROFER SYRUP 150ML,2,3.5,7.0
9644,INV4458,2025-07-22 06:40:34,3.0,3.0,18705,SPIRONOLACTONE 25MG TABS 200S,4,25.52,102.08
9673,INV4487,2025-07-22 13:43:28,0.5,0.5,18743,KNEE SPRINT RANGER,1,120.0,120.0
9739,INV4553,2025-07-23 13:15:36,15.0,15.0,18849,METHYLPREDNISOLONE 1G INJ,4,7.5,30.0
9765,INV4578,2025-07-23 16:36:20,6.0,6.0,18886,LEVETIRACETAM ORAL SOLUTION 100MG/ML 300ML,1,7.74,7.74
9800,INV4613,2025-07-24 10:38:29,3.0,3.0,18941,VARIPAN SYRUP 100ML,17,1.3,22.1
9901,INV4713,2025-07-25 18:08:35,52.0,52.0,19098,UTROGESTAN 200MG CAPSULES 15S,1,22.0,22.0
9992,INV4804,2025-07-27 12:36:35,14.0,0.0,19242,PARACETAMOL (ANTALGIC) 500MG TABS 1000S,1,13.75,13.75
10015,INV4826,2025-07-28 09:14:27,0.5,0.5,19274,MICONAZOLE  TOPICAL CREAM 15G (VARICHEM),5,0.95,4.75
10027,INV4838,2025-07-28 12:35:22,5.0,5.0,19297,PREMARIN 0.3MG TABS 28`S,2,14.04,28.08
10044,INV4855,2025-07-28 15:37:00,10.0,10.0,19319,AQUACEL EXTRA 15CMX15CM,6,15.65,93.9
10193,INV5005,2025-07-30 09:04:21,1.0,1.0,19548,DEPO MEDROL 80MG/2ML INJECTION VIAL,6,9.0,54.0
10203,INV5015,2025-07-30 11:07:41,1.0,1.0,19564,PYLOBACT KIT (SUN PHARMA) 42S,2,12.0,24.0
10279,INV5089,2025-07-30 19:29:14,42.0,52.0,19671,PANTOPRAZOLE (PANTIN) 40MG TABS,3,2.1999999999999997,6.6
10284,INV5094,2025-07-30 22:42:11,3.0,3.0,19680,HUGGIES GOLD SIZE 4 66,1,13.0,13.0
10284,INV5094,2025-07-30 22:42:11,3.0,3.0,19681,CLICKS KIDS TOOTHPASTE (6-13YRS),2,1.6,3.2
10300,INV5110,2025-07-31 10:00:49,0.5,0.5,19703,GLIMEPIRIDE 2MG (AZULIX) TABS 30S,24,9.0,216.0
10300,INV5110,2025-07-31 10:00:49,0.5,0.5,19704,TETRACYCLINE EYE OINT 1%,30,0.8,24.0
10301,INV5111,2025-07-31 10:09:28,0.5,0.5,19706,MEFENAMIC (VARISTAN) ACID SUSPENSION,4,2.4,9.6
10340,INV5150,2025-07-31 15:00:56,2.0,2.0,19766,METRONIDAZOLE IV 0.5% 100ML INJ,6,0.6,3.6
10377,INV5187,2025-07-31 19:48:12,3.0,3.0,19817,CLEAR BLUE - DIGITAL,2,9.5,19.0
10377,INV5187,2025-07-31 19:48:12,3.0,3.0,19818,PREGNANCY TEST CLINIHEALTH,6,0.7999999999999999,4.8
10482,INV5291,2025-08-02 08:48:19,1.0,1.0,19978,MEFENAMIC (VARISTAN) ACID SUSPENSION,5,2.4,12.0
10529,INV5338,2025-08-03 09:20:46,3.0,0.0,20055,MEFENAMIC (VARISTAN) ACID SUSPENSION,10,2.4,24.0
10529,INV5338,2025-08-03 09:20:46,3.0,0.0,20056,MMT  TABS 1000S (NEUTRACID TAB),1,31.79,31.79
10583,INV5392,2025-08-04 14:29:24,10.0,10.0,20140,DEXTROSE 50% 50ML,20,2.83,56.6
10616,INV5425,2025-08-04 20:47:30,10.0,10.0,20186,CLEAR BLUE - DIGITAL,1,9.5,9.5
10616,INV5425,2025-08-04 20:47:30,10.0,10.0,20187,PREGNANCY TEST CLINIHEALTH,3,0.7999999999999999,2.4
10616,INV5425,2025-08-04 20:47:30,10.0,10.0,20188,SOCKS  ZIMBABWEAN FLAG,1,5.0,5.0
10623,INV5432,2025-08-05 07:54:00,33.0,33.0,20201,COLCAPS SYRUP 100ML,5,3.7299999999999995,18.65
10627,INV5436,2025-08-05 08:53:26,25.0,25.0,20208,SURGIVAC DRAIN 3MM,2,15.0,30.0
10676,INV5485,2025-08-05 17:10:42,0.5,0.5,20299,MUPIROCIN SUPIROCIN OINTMENT 15G,10,4.1899999999999995,41.9
10731,INV5540,2025-08-06 12:43:57,110.03,110.03,20381,LETROZOLE (LETERO) 2.5MG TABS 30S,1,18.0,18.0
10739,INV5548,2025-08-06 14:31:05,6.0,6.0,20392,MYPRODOL CAPSULES 30S,2,3.92,7.84
10739,INV5548,2025-08-06 14:31:05,6.0,6.0,20393,GLUCOSE TABS [ENERGEN],10,0.58,5.8
10764,INV5573,2025-08-06 17:59:52,6.0,6.0,20424,RANFERON CAPS 30S,10,2.7,27.0
10775,INV5583,2025-08-06 20:57:59,3.0,3.0,20442,ROSUVASTATIN (LDNIL) 20MG TABS 30S,3,6.07,18.21
10831,INV5639,2025-08-07 14:28:56,33.0,33.0,20525,TEEJEL GEL 10G,2,4.05,8.1
10918,INV5726,2025-08-08 04:41:31,5.0,5.0,20658,DEXTROSE 50% 50ML,4,2.83,11.32
11027,INV5835,2025-08-09 04:10:19,15.0,15.0,20818,FINERENONE 20MG,1,16.67,16.67
11197,INV6005,2025-08-13 11:36:13,10.0,10.0,21081,AIR-RING,5,26.0,130.0
11197,INV6005,2025-08-13 11:36:13,10.0,10.0,21082,ENSURE GOLD 400G,3,15.0,45.0
11197,INV6005,2025-08-13 11:36:13,10.0,10.0,21083,SD CHECK GLUCOSTRIPS,10,11.0,110.0
11221,INV6029,2025-08-13 13:56:03,14.0,14.0,21124,CONTROL SINGLES,45,0.25,11.25
11279,INV6087,2025-08-14 10:14:05,6.0,6.0,21230,METHYLATED SPIRIT 100ML,4,0.4,1.6
11296,INV6104,2025-08-14 12:39:50,23.0,0.0,21259,CHLORHEXIDINE WASH,6,5.8999999999999995,35.4
11337,INV6145,2025-08-14 18:33:03,0.5,0.5,21329,CLOBETASOL CREAM (GLEVATE),2,1.7,3.4
11338,INV6146,2025-08-14 18:47:28,5.0,5.0,21331,SODIUM CHLORIDE 0.45% 1000ML,10,6.0,60.0
11372,INV6266,2025-08-15 06:28:39,36.0,106.0,21379,PARACETAMOL 10MG/ML 100ML INJ,10,1.2,12.0
11463,INV6271,2025-08-16 08:38:50,0.5,0.5,21522,SLOW K  600MG TABS 500S,1,1.5,1.5
11533,INV6340,2025-08-17 12:36:30,20.0,20.0,21628,ALFOXID SUSPENSION 100ML,5,2.62,13.1
11577,INV6383,2025-08-18 13:04:26,1.0,1.0,21684,PYNRID 20`S,12,2.5,30.0
11583,INV6389,2025-08-18 13:37:26,4.0,4.0,21693,FIRST AID BOX (MEDIUM) GREEN BOX,2,35.0,70.0
11635,INV6441,2025-08-18 21:23:38,1.0,1.0,21784,LOPERAMIDE (LOCKIT) TABS 10S,10,0.35,3.5
11635,INV6441,2025-08-18 21:23:38,1.0,1.0,21785,FLUMED SYRUP 100ML,5,1.9,9.5
11650,INV6456,2025-08-19 09:56:48,0.5,0.5,21810,PRAZOSIN 2MG TABS 100S,5,14.040000000000001,70.2
11650,INV6456,2025-08-19 09:56:48,0.5,0.5,21811,PRAZOSIN 5MG TABS 100S,5,19.490000000000002,97.45
11650,INV6456,2025-08-19 09:56:48,0.5,0.5,21812,PRAZOSIN 1MG TABS 100S,2,7.62,15.24
11650,INV6456,2025-08-19 09:56:48,0.5,0.5,21813,OSTEOEZE GOLD 90S,1,10.0,10.0
11652,INV6458,2025-08-19 10:15:38,0.5,0.5,21816,RIVAROXABAN 15MG  30S (RIROXATOR,3,15.0,45.0
11792,INV6598,2025-08-20 15:12:58,47.0,47.0,22024,AQUACEL EXTRA 15CMX15CM,1,15.65,15.65
11908,INV6714,2025-08-21 20:43:34,20.0,20.0,22189,FML EYE DROPS 5ML FLOUROMETHALONE,1,17.6,17.6
11908,INV6714,2025-08-21 20:43:34,20.0,20.0,22190,LETROZOLE (LETERO) 2.5MG TABS 30S,1,6.0,6.0
11938,INV6744,2025-08-22 11:07:00,3.0,3.0,22232,COLGATE MAX WHITE TOOTHPASTE,1,2.0,2.0
11938,INV6744,2025-08-22 11:07:00,3.0,3.0,22233,COLGATE,2,0.92,1.84
11938,INV6744,2025-08-22 11:07:00,3.0,3.0,22234,DENTURE ADHESIVE,1,6.8,6.8
11938,INV6744,2025-08-22 11:07:00,3.0,3.0,22235,COLGATE CHARCOAL,2,2.17,4.34
11938,INV6744,2025-08-22 11:07:00,3.0,3.0,22236,PEANUTS PRECOOKED NUTS,5,0.65,3.25
11938,INV6744,2025-08-22 11:07:00,3.0,3.0,22237,PEANUTS ROASTED,2,0.65,1.3
11938,INV6744,2025-08-22 11:07:00,3.0,3.0,22238,PEANUTS CORN AND NUTS,3,0.0,0.0
11939,INV6745,2025-08-22 11:13:25,1.0,0.0,22240,PEANUTS SALTED NUTS 50G,20,0.8,16.0
11940,INV6746,2025-08-22 11:20:24,29.5,29.5,22244,LINDOR LINDTT  MILK CHOCOLATE,6,12.0,72.0
11940,INV6746,2025-08-22 11:20:24,29.5,29.5,22245,DELICIOUS CHOC TURKISH DELIGHT ROSE AND CHERRY,2,5.76,11.52
11940,INV6746,2025-08-22 11:20:24,29.5,29.5,22246,EMMENCE 70%,8,3.75,30.0
11940,INV6746,2025-08-22 11:20:24,29.5,29.5,22247,EMMENCE DARK NUT 80G,4,3.75,15.0
11940,INV6746,2025-08-22 11:20:24,29.5,29.5,22248,FERRERO ROCHER GIFT BOX 200G,1,8.0,8.0
11990,INV6796,2025-08-22 17:55:40,3.0,3.0,22323,MYCOPHENOLATE MOFILET,3,35.910000000000004,107.73
12260,INV7066,2025-08-25 21:10:13,16.0,16.0,22751,SACUBITRIL 49MG/VALSARTAN 51MG TABS 30`S,2,11.5,23.0
12260,INV7066,2025-08-25 21:10:13,16.0,16.0,22752,SACUBITRIL/VALSARTAN 100MG 30S (UPERIO),2,27.5,55.0
12287,INV7093,2025-08-26 09:49:36,0.5,0.5,22795,SODIUM VALPROATE SYRUP 100ML (EPIVULEX),2,12.0,24.0
12409,INV7215,2025-08-27 11:09:01,25.0,25.0,22982,LOPERAMIDE (LOCKIT) TABS 10S,10,0.35,3.5
12457,INV7262,2025-08-27 16:35:28,6.0,6.0,23049,S26 GOLD STAGE1 1.8KG,1,36.0,36.0
12499,INV7304,2025-08-28 09:28:10,1.0,1.0,23113,PRE-NAN PRETERM INFANT FORMULA,4,13.8,55.2
12603,INV7408,2025-08-29 09:27:10,5.0,5.0,23298,MALARIA (P.F/P.V) RAPID TEST KIT,18,2.0,36.0
12603,INV7408,2025-08-29 09:27:10,5.0,5.0,23299,MALARIA TEST KIT SINGLES,4,1.0,4.0
12728,INV7533,2025-08-30 12:17:25,20.0,20.0,23482,4CS SYRUP 100ML,6,1.7,10.2
12741,INV7546,2025-08-30 14:22:27,4.0,4.0,23502,LATEX GLOVES,2,2.6,5.2
12741,INV7546,2025-08-30 14:22:27,4.0,4.0,23503,PREDO WIPES 120S,1,3.0,3.0
12815,INV7619,2025-09-01 10:51:54,40.0,40.0,23625,PROTECTOR PLUS VANILLA 3S,30,0.5,15.0
12820,INV7624,2025-09-01 11:55:46,2.0,2.0,23633,DEPO MEDROL 40MG/ML,66,4.55,300.3
12844,INV7648,2025-09-01 15:36:27,15.0,15.0,23665,SOCKS  ZIMBABWEAN FLAG,2,7.5,15.0
12855,INV7659,2025-09-01 16:31:35,1.0,1.0,23684,SODIUM CHLORIDE 0.9% 1000ML,10,2.7,27.0
12859,INV7663,2025-09-01 17:20:48,2.0,0.0,23690,OVULATION TEST KIT,1,1.5,1.5
12890,INV7694,2025-09-02 08:20:00,3.0,3.0,23735,ACTIVATED CHARCOAL TABLETS RCOL-500,2,5.0,10.0
12895,INV7699,2025-09-02 09:23:38,1.0,1.0,23745,FACE MASKS B/50,10,1.3,13.0
12980,INV7784,2025-09-02 23:12:40,3.0,3.0,23882,ZINC OXIDE PLASTER  25MM,12,0.45,5.4
13026,INV7830,2025-09-03 16:10:52,70.0,70.0,23955,CONTINOUS GLUCOSE MONITORING SYSTEM,2,54.95,109.9
13071,INV7875,2025-09-04 10:14:54,1.0,0.0,24022,NICOTINE 4MG (NICORETTE) 30S,1,12.57,12.57
13080,INV7884,2025-09-04 11:41:29,2.0,2.0,24037,WRIST SPLINT S/M/L,2,10.5,21.0
13088,INV7892,2025-09-04 12:24:10,39.0,39.0,24059,PREGNANCY TEST STRIPS,100,0.08,8.0
13088,INV7892,2025-09-04 12:24:10,39.0,39.0,24060,MEROPENEM INJ 1G(SUNPHARMA),5,8.0,40.0
13088,INV7892,2025-09-04 12:24:10,39.0,39.0,24061,E45 MOISTURISING LOTION 500ML PUMP,1,21.0,21.0
13093,INV7897,2025-09-04 13:32:42,25.0,25.0,24080,RABIES VACCINE SINGLE DOSE 1ML,11,23.0,253.0
13129,INV7933,2025-09-04 18:34:21,85.0,85.0,24145,IRON SUCROSE 20MG/ML 5S,1,4.4,4.4
13141,INV7945,2025-09-04 22:08:30,1.0,1.0,24162,GIFT BOXES LARGE,8,8.53,68.24
13163,INV7967,2025-09-05 10:08:33,35.0,35.0,24202,GIFT BOXES LARGE,10,8.53,85.3
13176,INV7980,2025-09-05 12:15:39,54.0,54.0,24233,SODIUM CHLORIDE 0.9% 1000ML,50,2.7,135.0
13181,INV7985,2025-09-05 13:06:56,13.0,13.0,24249,FRESUBIN 1200 COMPLETE 1L,1,10.0,10.0
13181,INV7985,2025-09-05 13:06:56,13.0,13.0,24250,FRESUBIN HP ENERGY 500ML,2,7.39,14.78
13181,INV7985,2025-09-05 13:06:56,13.0,13.0,24251,FRESUBIN ENERGY DRINK BANANA,3,3.48,10.44
13181,INV7985,2025-09-05 13:06:56,13.0,13.0,24252,FRESUBIN ENERGY FIBRE DRINK STRAWBERRY,2,3.48,6.96
13199,INV8003,2025-09-05 14:53:43,15.0,15.0,24287,FIRST AID BOX (MEDIUM) GREEN BOX,2,35.0,70.0
13330,INV8133,2025-09-06 22:39:09,30.0,30.0,24483,PROCEDYL LINCTUS 100ML,4,8.05,32.2
13428,INV8230,2025-09-08 18:27:06,3.0,3.0,24622,ONDANSETRON 8MG/4ML INJ 5S,2,4.86,9.72
13441,INV8243,2025-09-08 21:01:54,0.5,0.5,24643,BENYLIN 4 FLU 200MLS 1,6,5.91,35.46
13466,INV8268,2025-09-09 11:37:28,15.0,15.0,24696,CONTINOUS GLUCOSE MONITORING SYSTEM,1,54.95,54.95
13490,INV8292,2025-09-09 14:36:53,2.0,2.0,24731,SLEEVES ZIM FLAG,1,5.0,5.0
13491,INV8293,2025-09-09 14:49:52,10.0,10.0,24735,SLEEVES ZIM FLAG,6,5.0,30.0
13503,INV8305,2025-09-09 17:35:17,0.5,0.5,24753,METRONIDAZOLE IV 0.5% 100ML INJ,50,0.6,30.0
13573,INV8374,2025-09-10 14:22:59,32.0,32.0,24857,PRE-NAN PRETERM INFANT FORMULA,2,13.8,27.6
13573,INV8374,2025-09-10 14:22:59,32.0,32.0,24858,PRE-NAN PRETERM INFANT FORMULA,1,13.8,13.8
13573,INV8374,2025-09-10 14:22:59,32.0,32.0,24859,PRE-NAN PRETERM INFANT FORMULA,1,13.8,13.8
13573,INV8374,2025-09-10 14:22:59,32.0,32.0,24860,PRE-NAN PRETERM INFANT FORMULA,1,13.8,13.8
13576,INV8377,2025-09-10 15:00:52,22.0,22.0,24866,SATISKIN PEACH BLOSSOM,1,4.5,4.5
13576,INV8377,2025-09-10 15:00:52,22.0,22.0,24867,SATISKIN MYSTERIOUS FOREST FERN BUBBLE BATH 2L,1,4.5,4.5
13592,INV8393,2025-09-10 19:34:40,10.0,10.0,24891,"SODIUM BICARBONATE 8.5%, 50ML",4,4.8,19.2
13617,INV8418,2025-09-11 08:51:15,1.0,1.0,24926,AMOXYCILLIN 125MG/5ML 100ML (CAPS) SUSPENSION.,5,1.6600000000000001,8.3
13633,INV8434,2025-09-11 11:18:18,2.0,2.0,24949,GABAPENTIN 300MG CAPS 100S,1,1.0,1.0
13633,INV8434,2025-09-11 11:18:18,2.0,2.0,24950,DR TEALS EPSOM SALTS VITAMIN C 1.36KG,1,12.44,12.44
13636,INV8437,2025-09-11 12:16:44,1.0,1.0,24954,ADAPALENE GEL 0.1% 15GM,5,3.54,17.7
13645,INV8446,2025-09-11 13:28:32,1.0,1.0,24967,PRED FORTE EYE DROPS 5ML,1,18.22,18.22
13672,INV8473,2025-09-11 16:50:41,16.0,16.0,25011,GENTIAN VIOLET  100ML,2,1.5,3.0
13676,INV8477,2025-09-11 17:34:45,8.0,8.0,25017,BIOPLUS SYRUP 200ML,2,4.83,9.66
13705,INV8506,2025-09-12 09:55:02,1.0,1.0,25097,DEPO MEDROL 80MG/2ML INJECTION VIAL,6,9.0,54.0
13760,INV8561,2025-09-12 16:43:35,6.0,6.0,25185,COLOSTOMY BAGS,2,3.33,6.66
13773,INV8574,2025-09-12 18:21:51,1.0,1.0,25207,CITRO SODA SACHETS SINGLES,10,0.32999999999999996,3.3
13773,INV8574,2025-09-12 18:21:51,1.0,1.0,25208,TADALAFIL (JOVAN T) 20MG TABS,20,0.5,10.0
13820,INV8621,2025-09-13 09:53:10,1.0,1.0,25295,DEXAMETHASONE 8MG/2ML INJECTION 2ML,40,1.04,41.6
13820,INV8621,2025-09-13 09:53:10,1.0,1.0,25296,CEFTRIAXONE 1G INJ (WITH WATER FOR INJECTION),176,0.42,73.92
13845,INV8646,2025-09-13 14:11:11,10.0,10.0,25331,SODIUM CHLORIDE 200ML,10,40.0,400.0
13845,INV8646,2025-09-13 14:11:11,10.0,10.0,25332,ONDANSETRON 8MG/4ML INJ 5S,2,4.86,9.72
13968,INV8769,2025-09-15 12:26:49,30.0,100.0,25518,SOCKS  ZIMBABWEAN FLAG,15,9.0,135.0
13968,INV8769,2025-09-15 12:26:49,30.0,100.0,25519,NIVEA Q10 VITAMIN C NORMAL SKIN 400ML,2,5.75,11.5
13976,INV8777,2025-09-15 13:04:02,1.0,1.0,25532,SINUTAB ND TABS 20S,8,3.81,30.48
14059,INV8860,2025-09-16 09:40:16,15.0,15.0,25657,FLUMED TABS 24S,12,1.9100000000000001,22.92
14059,INV8860,2025-09-16 09:40:16,15.0,15.0,25658,CORILIEF 5 FLU TABS 24S,24,4.0,96.0
14059,INV8860,2025-09-16 09:40:16,15.0,15.0,25659,NIVEA SUN KIDS SPRAY 270MLS,1,20.0,20.0
14059,INV8860,2025-09-16 09:40:16,15.0,15.0,25660,NIVEA SUN SENSITIVE IMMIDIATE PROTECT SPF 50+ WHITE,1,21.0,21.0
14059,INV8860,2025-09-16 09:40:16,15.0,15.0,25661,PEACEFUL SLEEP-MOSQUITO UNIT 1,1,7.5,7.5
14059,INV8860,2025-09-16 09:40:16,15.0,15.0,25662,PEACEFUL SLEEP- MOSQUITO ( ROOM SPRAY),1,7.0,7.0
14059,INV8860,2025-09-16 09:40:16,15.0,15.0,25663,PEACEFUL SLEEP STICK 30G,1,4.15,4.15
14059,INV8860,2025-09-16 09:40:16,15.0,15.0,25664,COTTON BUDS 100S,1,2.0,2.0
14059,INV8860,2025-09-16 09:40:16,15.0,15.0,25665,DOVE COTTON BUDS 200S,1,1.5,1.5
14059,INV8860,2025-09-16 09:40:16,15.0,15.0,25666,NIVEA SUN PROTECT AND MOISTURE SPF 50+ BLUE,3,19.0,57.0
14059,INV8860,2025-09-16 09:40:16,15.0,15.0,25667,REGMAKERS 10S,4,0.0,0.0
14059,INV8860,2025-09-16 09:40:16,15.0,15.0,25668,PEACEFUL SLEEP FAMILY CARE S,1,7.0,7.0
14059,INV8860,2025-09-16 09:40:16,15.0,15.0,25669,PEACEFUL SLEEP AEROSOL 150G,1,9.0,9.0
14059,INV8860,2025-09-16 09:40:16,15.0,15.0,25670,PEANUTS PRECOOKED NUTS,20,0.65,13.0
14059,INV8860,2025-09-16 09:40:16,15.0,15.0,25671,NIVEA SUN PROTECT AND DRY TRANSPAREN,1,19.0,19.0
14072,INV8873,2025-09-16 11:56:35,10.0,10.0,25687,ALBUMIN 20% 100ML,2,72.22,144.44
14110,INV8910,2025-09-16 16:10:02,15.0,0.0,25759,ONDANSETRON 4MG/2ML INJ (5S),2,10.0,20.0
14110,INV8910,2025-09-16 16:10:02,15.0,0.0,25760,ONDANSETRON 8MG/4ML INJ 5S,2,4.86,9.72
14184,INV8983,2025-09-17 12:40:40,2.0,2.0,25875,SD CHECK GLUCOSTRIPS,3,11.0,33.0
14231,INV9030,2025-09-17 20:45:28,3.0,3.0,25952,PROCEDYL LINCTUS 100ML,5,8.05,40.25
14231,INV9030,2025-09-17 20:45:28,3.0,3.0,25953,KETOCONAZOLE CRM 15G,3,1.5,4.5
14279,INV9078,2025-09-18 11:21:48,25.0,40.0,26029,CLICKS  HAND SANITIZER 1L,1,7.0,7.0
14294,INV9093,2025-09-18 13:28:34,0.5,0.5,26061,RANFERON CAPS 30S,2,2.7,5.4
14449,INV9248,2025-09-20 14:10:58,0.5,0.5,26321,MANNITOL 20% 500ML INJ,6,2.7899999999999996,16.74
14560,INV9359,2025-09-22 08:09:52,1.0,1.0,26502,WARFARIN 5MG TABS 28S,1,6.6,6.6
14567,INV9366,2025-09-22 10:33:47,18.0,0.0,26515,TOTAL PARENTAL NUTRITION,1,40.0,40.0
14567,INV9366,2025-09-22 10:33:47,18.0,0.0,26516,SACUBITRIL 49MG/VALSARTAN 51MG TABS 30`S,1,11.5,11.5
14567,INV9366,2025-09-22 10:33:47,18.0,0.0,26517,SACUBITRIL/VALSARTAN 100MG 30S (UPERIO),1,27.5,27.5
14758,INV9557,2025-09-23 20:16:45,0.5,0.5,26819,BIOPLUS SYRUP 200ML,1,4.83,4.83
14901,INV9700,2025-09-25 10:49:21,1.0,1.0,27031,HIV TEST KITS REGULAR,10,1.1,11.0
14972,INV9771,2025-09-25 19:31:49,15.0,15.0,27140,BP MACHINE YELLOW BOX,3,6.0,18.0
14972,INV9771,2025-09-25 19:31:49,15.0,15.0,27141,CENVITAN BABY SYRUP 100ML,5,1.0,5.0
15073,INV9872,2025-09-26 19:31:38,8.0,8.0,27310,HIV TEST KITS REGULAR,6,1.0999999999999999,6.6
15094,INV9893,2025-09-27 11:18:03,2.0,2.0,27348,INCENTIVE SPIROMETER,1,12.0,12.0
15471,INV10269,2025-10-01 09:59:24,14.0,14.0,27955,ARTIFICIAL TEARS (CARBOXYNETHYLCELLULOSE) 0.5% W/V,5,1.56,7.8
15673,INV10469,2025-10-03 07:34:21,0.5,0.5,28269,LINDT SWISS PREMIUM MILK MILCH-TRAUBE-NUSS,1,11.0,11.0
15814,INV10609,2025-10-04 12:21:54,10.0,10.0,28484,GAVISCON DBL/ACT PEPPERMINT TABS 24S,1,3.5,3.5
15850,INV10645,2025-10-05 00:18:28,4.0,4.0,28546,TETANUS VACC.10/DOSE 5ML,10,2.8,28.0
15980,INV10773,2025-10-06 15:11:55,7.0,7.0,28760,ARTIFICIAL TEARS (CARBOXYNETHYLCELLULOSE) 0.5% W/V,2,1.56,3.12
15990,INV10783,2025-10-06 18:16:52,17.0,17.0,28777,POTTASSIUM CHLORIDE 15% FLEXI 10MLS,1,1.91,1.91
15990,INV10783,2025-10-06 18:16:52,17.0,17.0,28778,MICONAZOLE  ORAL GEL 40G (MICOVAR),1,4.0,4.0
16018,INV10811,2025-10-06 22:37:33,3.0,3.0,28821,VITAMIN D3 2000IU CAP 100S,1,4.0,4.0
16029,INV10822,2025-10-07 01:41:29,9.0,9.0,28838,HIV TEST KITS REGULAR,1,1.26,1.26
16037,INV10830,2025-10-07 09:40:57,1.0,1.0,28848,TRAMADOL 50MG/2ML INJ,30,5.0,150.0
16037,INV10830,2025-10-07 09:40:57,1.0,1.0,28849,SODIUM CHLORIDE 200ML,5,1.0,5.0
16065,INV10858,2025-10-07 14:21:33,3.0,3.0,28889,GALVUSMET 50/500MG TABS 30S,2,15.27,30.54
16132,INV10925,2025-10-08 09:39:26,1.0,1.0,28988,ARTIFICIAL TEARS (CARBOXYNETHYLCELLULOSE) 0.5% W/V,1,1.56,1.56
16132,INV10925,2025-10-08 09:39:26,1.0,1.0,28989,ADAPALENE GEL 0.1% 15GM,5,3.54,17.7
16140,INV10933,2025-10-08 11:46:55,1.0,1.0,29009,EUCALYPTUS OIL 10ML,2,2.0,4.0
16148,INV10941,2025-10-08 12:59:58,2.0,2.0,29024,SOCKS  ZIMBABWEAN FLAG,2,9.0,18.0
16164,INV10957,2025-10-08 16:14:14,1.0,1.0,29051,PYLOBACT KIT (SUN PHARMA) 42S,2,12.0,24.0
16164,INV10957,2025-10-08 16:14:14,1.0,1.0,29052,FLUOXETINE (OXEDEP) 20MG CAPS 100S,3,5.41,16.23
16164,INV10957,2025-10-08 16:14:14,1.0,1.0,29053,HALOPERIDOL  5MG TABS 100S,15,9.03,135.45
16231,INV11024,2025-10-09 10:22:13,50.0,50.0,29154,NIVEA Q10 BODY ZONE CREAM 400ML,1,11.0,11.0
16231,INV11024,2025-10-09 10:22:13,50.0,50.0,29155,NIVEA Q10 VITAMIN C NORMAL SKIN 400ML,2,5.75,11.5
16231,INV11024,2025-10-09 10:22:13,50.0,50.0,29156,EPIMAX ADULTS PLUS,1,4.0,4.0
16341,INV11134,2025-10-10 09:08:29,15.0,15.0,29333,GLUCOPECT SUSPENSION 100ML,1,2.75,2.75
16341,INV11134,2025-10-10 09:08:29,15.0,15.0,29334,IBUPROFEN 200MG 1000S,1,12.5,12.5
16352,INV11145,2025-10-10 11:48:14,1.0,1.0,29356,DAPAGLIFLOZIN 5MG,8,12.0,96.0
16475,INV11267,2025-10-11 11:14:42,6.0,20.0,29527,DEXAMETHASONE 8MG/2ML INJECTION 2ML,10,1.04,10.4
16475,INV11267,2025-10-11 11:14:42,6.0,20.0,29528,ONDANSETRON 8MG/4ML INJ 5S,1,4.86,4.86
16505,INV11296,2025-10-11 18:18:54,3.0,3.0,29575,LOPERAMIDE (LOCKIT) TABS 10S,30,0.32,9.6
16752,INV11542,2025-10-14 13:11:14,147.0,147.0,29968,OREO 128G,8,0.93,7.44
16896,INV11683,2025-10-15 16:57:31,5.0,5.0,30197,IBUPROFEN GEL 30G,2,1.9,3.8
16941,INV11728,2025-10-16 09:37:57,4.0,0.0,30264,MINUTE MAID REFRESHER BERRY,120,0.4,48.0
16941,INV11728,2025-10-16 09:37:57,4.0,0.0,30265,MINUTE MAID REFRESHER ORANGE,120,0.4,48.0
16941,INV11728,2025-10-16 09:37:57,4.0,0.0,30266,WATER AQUACLEAR 500ML,48,0.13,6.24
16941,INV11728,2025-10-16 09:37:57,4.0,0.0,30267,MINUTE MAID REFRESHER LEMON,48,0.39999999999999997,19.2
17591,INV12371,2025-10-22 14:19:48,2.5,2.5,31279,MUPIROCIN SUPIROCIN OINTMENT 15G,2,3.46,6.92
17668,INV12448,2025-10-23 11:18:45,5.0,20.0,31419,ANUSOL OINTMENT 25G,3,8.31,24.93
17671,INV12451,2025-10-23 11:43:37,1.0,1.0,31423,REPLACE DIABETIC 400G,5,14.24,71.2
17884,INV12664,2025-10-25 06:43:21,6.0,6.0,31725,USN HCI CREATINE TABS 100S,1,16.5,16.5
17884,INV12664,2025-10-25 06:43:21,6.0,6.0,31726,SACROGUT 250MG(PROBIO 30S),10,2.5,25.0
18257,INV13036,2025-10-28 16:41:17,1.0,1.0,32302,OMEPRAZOLE (OMICAP) 20MG CAPS,2,5.5,11.0
18420,INV13198,2025-10-30 08:24:02,0.5,0.5,32569,TRANEXAMIC (PAUSE 500) TABLETS 30S,2,12.95,25.9
18505,INV13283,2025-10-30 20:53:11,8.0,8.0,32707,RABIES VACCINE SINGLE DOSE 1ML,3,23.0,69.0
18505,INV13283,2025-10-30 20:53:11,8.0,8.0,32708,OMEPRAZOLE (OMICAP) 20MG CAPS,2,5.5,11.0
18834,INV13610,2025-11-03 09:12:43,5.0,5.0,33229,AVASALF 500/50MCG,4,16.82,67.28
18851,INV13627,2025-11-03 12:21:01,25.0,25.0,33252,PEANUTS PRECOOKED NUTS,9,0.6499999999999999,5.85
18854,INV13630,2025-11-03 12:38:42,66.0,66.0,33258,ESOMEPRAZOLE INJ 40MG,10,6.0,60.0
18856,INV13632,2025-11-03 13:07:42,4.0,4.0,33261,ESOMEPRAZOLE INJ 40MG,10,6.0,60.0
18982,INV13756,2025-11-04 14:56:21,15.0,15.0,33460,ANDOLEX C ANTI-BACTERIAL MOUTHWASH 200ML,2,8.25,16.5
19046,INV13819,2025-11-05 07:02:15,1.0,1.0,33547,IBUPROFEN 400MG [GOFEN],12,2.0100000000000002,24.12
19096,INV13866,2025-11-05 14:35:07,20.0,20.0,33623,STRESS BALL,3,1.5,4.5
19181,INV13949,2025-11-06 14:08:23,3.0,3.0,33748,TED STOCKINGS ASSORTED,3,15.0,45.0
19292,INV14059,2025-11-07 12:24:23,8.0,8.0,33912,ESOMEPRAZOLE INJ 40MG,10,6.0,60.0
19479,INV14245,2025-11-09 15:29:05,1.0,1.0,34192,NAN SPECIAL PRO STAGE 1 800,1,30.0,30.0
19518,INV14284,2025-11-10 08:54:26,0.5,0.5,34251,ANKLE SUPPORT L,1,10.0,10.0
19535,INV14301,2025-11-10 12:36:09,4.0,4.0,34287,TED STOCKINGS ASSORTED,9,15.0,135.0
19652,INV14418,2025-11-11 15:20:51,1.0,1.0,34472,MINUTE MAID REFRESHER ORANGE,48,0.39999999999999997,19.2
19652,INV14418,2025-11-11 15:20:51,1.0,1.0,34473,MINUTE MAID REFRESHER BERRY,72,0.4,28.8
19670,INV14436,2025-11-11 17:26:23,11.0,11.0,34496,MMT  TABS 1000S (NEUTRACID TAB),1,15.9,15.9
19676,INV14442,2025-11-11 19:07:18,5.0,5.0,34504,"SODIUM BICARBONATE 8.5%, 50ML",3,4.8,14.4
19800,INV14566,2025-11-13 08:34:47,50.0,50.0,34684,UTROGESTAN 200MG CAPSULES 15S,20,22.0,440.0
19800,INV14566,2025-11-13 08:34:47,50.0,50.0,34685,UTROGESTAN 200MG CAPSULES 15S,20,22.0,440.0
19807,INV14573,2025-11-13 10:22:13,30.0,30.0,34693,TETANUS VACC.10/DOSE 5ML,35,2.8,98.0
19853,INV14617,2025-11-13 15:01:25,1.0,1.0,34761,PROTAPHANE 3ML FLEXPEN,5,35.0,175.0
19877,INV14641,2025-11-13 20:58:57,3.0,5.0,34792,VENTEZE COMPLETE INHALER,2,2.1,4.2
19999,INV14763,2025-11-15 10:49:10,1.0,1.0,34982,CITRO SODA SACHETS SINGLES,30,0.33,9.9
20149,INV14912,2025-11-17 08:13:13,5.0,5.0,35209,VIFEX COUGH SYRUP 100ML,2,1.9,3.8
20241,INV15002,2025-11-18 09:05:36,6.0,20.0,35333,BETAPRO DM SYRUP 200ML,1,5.31,5.31
20336,INV15097,2025-11-19 08:09:43,1.0,1.0,35468,CITRO SODA SACHETS SINGLES,60,0.33,19.8
20791,INV15548,2025-11-24 10:03:50,25.0,25.0,36178,CEFTRIAXONE 1G INJ (WITH WATER FOR INJECTION),100,0.49,49.0
20796,INV15553,2025-11-24 11:08:38,9.0,9.0,36189,HYDRALAZINE 20MG INJECTION,1,26.78,26.78
20796,INV15553,2025-11-24 11:08:38,9.0,9.0,36190,BENZATHINE PENICILLIN 2.4MEGA INJECTION,2,1.95,3.9
20799,INV15556,2025-11-24 12:01:58,10.0,10.0,36200,MICORT CREAM 15G,6,2.5,15.0
20799,INV15556,2025-11-24 12:01:58,10.0,10.0,36201,MUPIROCIN SUPIROCIN OINTMENT 15G,10,3.46,34.6
20804,INV15561,2025-11-24 12:50:22,3.0,3.0,36209,AZITHROMYCIN 500MG INJECTION (ZITHROMAX),2,25.0,50.0
20954,INV15710,2025-11-25 19:25:13,9.0,10.0,36423,TRANEXAMIC (PAUSE 500) TABLETS 30S,1,12.95,12.95
20954,INV15710,2025-11-25 19:25:13,9.0,10.0,36424,DESLORATIDINE TABS 5MG 30S GLENDES,3,3.52,10.56
20954,INV15710,2025-11-25 19:25:13,9.0,10.0,36425,MAXITROL 1% EYE DROPS,3,7.34,22.02
20994,INV15750,2025-11-26 07:44:05,25.0,25.0,36493,PHENYTOIN 250MG INJ COSPHARM,1,20.67,20.67
21133,INV15888,2025-11-27 14:33:11,1.0,1.0,36711,ADULT DIAPERS LARGE (PREDO) 13S,2,8.0,16.0
21223,INV15978,2025-11-28 11:19:55,1.0,1.0,36865,LIGNOCAINE (LICAINE) 2% INJ 20MLS,3,1.4000000000000001,4.2
21306,INV16060,2025-11-28 23:09:22,15.0,15.0,36988,MAXITROL 1% EYE DROPS,1,7.34,7.34
21306,INV16060,2025-11-28 23:09:22,15.0,15.0,36989,PROTAPHANE VIAL 10ML,2,4.8,9.6
21363,INV16116,2025-11-29 12:43:22,5.0,10.0,37089,ADULT DIAPERS LARGE (PREDO) 13S,2,8.0,16.0
21363,INV16116,2025-11-29 12:43:22,5.0,10.0,37090,VILDAGLIPTIN 50MG TABS 30S VILDAGLIN,1,5.01,5.01
21394,INV16147,2025-11-29 20:45:21,10.0,10.0,37137,SALBUTAMOL INHALER ASTHALIN,1,2.0,2.0
21549,INV16302,2025-12-01 15:50:26,36.0,56.0,37364,BUDESONIDE/FORMOTEROL 200/6 (MDICORVAL),2,17.53,35.06
21609,INV16361,2025-12-02 08:59:48,70.0,70.0,37482,DARROWS 1/2 5% DEXTROSE 1000ML,5,2.5,12.5
21737,INV16488,2025-12-03 09:39:40,4.0,4.0,37650,PERMANENT HEMODIALYSIS 12FR,1,200.0,200.0
21762,INV16513,2025-12-03 14:23:17,17.0,17.0,37687,TAYLORS BRACE,2,48.0,96.0
21850,INV16601,2025-12-04 14:28:39,55.0,55.0,37838,VANCOMYCIN 1G INJECTION,10,3.55,35.5
21912,INV16663,2025-12-05 11:35:51,25.0,25.0,37945,NORMAGUT (PROBIOTICS) CAPS 10S,3,7.989999999999999,23.97
21912,INV16663,2025-12-05 11:35:51,25.0,25.0,37946,ALBENDAZOLE 400MG TABS 10s,10,0.22000000000000003,2.2
22295,INV17042,2025-12-09 21:18:11,1.0,1.0,38511,CEFTRIAXONE 1G INJ (WITH WATER FOR INJECTION),10,0.45999999999999996,4.6
22377,INV17123,2025-12-10 18:26:35,1.0,1.0,38640,METHYLDOPA 250MG 100S,1,10.19,10.19
22377,INV17123,2025-12-10 18:26:35,1.0,1.0,38641,METHYLDOPA 250MG 500S,1,0.09,0.09
22544,INV17290,2025-12-12 11:37:25,8.0,0.0,38897,LOPERAMIDE (LOCKIT) TABS 10S,10,0.32,3.2
22573,INV17318,2025-12-12 16:44:53,20.0,20.0,38940,VANCOMYCIN 1G INJECTION,20,3.55,71.0
22672,INV17417,2025-12-13 15:30:04,0.5,0.5,39089,TENORIC 50MG TABS 28S,3,5.1000000000000005,15.3
22814,INV17558,2025-12-15 12:35:50,2.0,2.0,39331,BREAST PUMP (MANUAL),1,10.0,10.0
22836,INV17580,2025-12-15 14:55:33,5.0,5.0,39367,MEROPENEM INJ 1G(SUNPHARMA),5,7.279999999999999,36.4
22836,INV17580,2025-12-15 14:55:33,5.0,5.0,39368,MEROPENEM INJ 1G(SUNPHARMA),5,7.279999999999999,36.4
22885,INV17628,2025-12-16 01:44:44,26.0,26.0,39450,USN HARDCORE WHEY GH 908G CHOCOLATE,1,33.0,33.0
22903,INV17646,2025-12-16 09:04:57,20.0,20.0,39474,BETAMETHASONE (VAR) CREAM 15G,5,1.45,7.25
22997,INV17738,2025-12-17 04:04:56,22.0,22.0,39616,TAYLORS BRACE,1,48.0,48.0
23079,INV17819,2025-12-17 19:22:51,8.0,10.0,39736,RABIES VACCINE SINGLE DOSE 1ML,4,23.0,92.0
23252,INV17991,2025-12-19 11:08:30,29.0,29.0,39975,LANTUS INJECTION,3,26.0,78.0
23298,INV18037,2025-12-19 15:28:29,1.0,1.0,40046,TOMMEE TIPPOE,1,17.0,17.0
23298,INV18037,2025-12-19 15:28:29,1.0,1.0,40047,TOMMEE TIPPOE,1,17.0,17.0
23385,INV18124,2025-12-20 11:18:28,3.0,5.0,40167,PREGABALIN 25MG CAPS 30S EPIBALIN,3,5.0,15.0
23549,INV18288,2025-12-22 15:02:43,1.0,0.0,40433,LISTERINE SMART RINSE MINT,3,6.0,18.0
23682,INV18419,2025-12-24 12:45:19,7.0,7.0,40621,CIPROFLOXACIN 200MG INJECTION 100ML,8,2.5,20.0
23913,INV18648,2025-12-28 09:52:22,0.5,0.5,41003,PARACETAMOL 10MG/ML 100ML INJ,100,1.05,105.0
23989,INV18723,2025-12-29 08:25:15,1.0,1.0,41118,LOPERAMIDE (LOCKIT) TABS 10S,20,0.32,6.4
23999,INV18733,2025-12-29 11:12:52,1.0,1.0,41134,VENTEZE RESPIRATOR SLN 20ML,20,4.6,92.0
24044,INV18778,2025-12-29 15:18:09,0.5,0.5,41193,OREOS MINI PACK,20,0.25,5.0
24096,INV18829,2025-12-30 06:43:05,1.0,1.0,41296,INDAPAMIDE SR 1.5MG TABS 30S TORRENT,4,7.28,29.12
24287,INV19019,2026-01-01 16:36:29,0.5,0.5,41551,NEBIVOLOL 10MG TABS 30S,2,12.78,25.56
24329,INV19061,2026-01-02 13:46:02,35.0,100.0,41614,LOPERAMIDE (LOCKIT) TABS 10S,5,0.32,1.6
24331,INV19063,2026-01-02 13:54:22,5.0,5.0,41619,LACTULOSE 3.35GM/5ML SOLUTION,5,7.4,37.0
24417,INV19148,2026-01-03 10:42:18,25.0,30.0,41745,ELBOW CLUTCH CLOSED,2,12.0,24.0
24653,INV19381,2026-01-05 20:48:13,50.0,50.0,42115,TELMISARTAN 40MG TABS 10S,3,6.0,18.0
24693,INV19420,2026-01-06 09:59:33,20.0,0.0,42175,PYLOBACT KIT (SUN PHARMA) 42S,2,12.0,24.0
25172,INV19897,2026-01-10 09:16:39,1.0,1.0,42882,CLOXACILLIN 500MG CAPS 500`S,1,5.0,5.0
25267,INV19991,2026-01-11 15:07:08,1.0,1.0,43036,ENOXAPARIN SODIUM 40MG/0.4ML INJ,1,4.0,4.0
25323,INV20047,2026-01-12 14:04:48,15.0,15.0,43110,FRESUBIN 200MLS,8,3.04,24.32
25328,INV20052,2026-01-12 14:43:05,12.0,12.0,43116,FRESUBIN 1200 COMPLETE 1L,2,10.0,20.0
25328,INV20052,2026-01-12 14:43:05,12.0,12.0,43117,MITCHUM GEL SHOWER FRESH,1,7.92,7.92
25328,INV20052,2026-01-12 14:43:05,12.0,12.0,43118,OLD SPCE STICK ORIGINAL,3,3.09,9.27
25328,INV20052,2026-01-12 14:43:05,12.0,12.0,43119,OLD SPICE STICK CAPTAIN 48HR,1,3.69,3.69
25328,INV20052,2026-01-12 14:43:05,12.0,12.0,43120,OLD SPICE STICK WOLFERTHORN,2,3.09,6.18
25328,INV20052,2026-01-12 14:43:05,12.0,12.0,43121,OLD SPICE DEO GEL (CAPTAIN),2,3.09,6.18
25490,INV20214,2026-01-13 20:20:37,10.0,10.0,43319,SD CHECK GLUCOSTRIPS,5,11.0,55.0
25518,INV20242,2026-01-14 11:21:33,2.0,2.0,43360,LINEN SAVERS 10S,1,2.5,2.5
25638,INV20362,2026-01-15 16:10:36,9.0,9.0,43535,PERMANENT HEMODIALYSIS 12FR,1,200.0,200.0
25796,INV20520,2026-01-17 00:25:51,1.5,1.5,43755,ALBUMIN 20% 100ML,1,72.22,72.22
25796,INV20520,2026-01-17 00:25:51,1.5,1.5,43756,ROSUVASTATIN 10MG TABS 30S LDNIL,5,3.19,15.95
25796,INV20520,2026-01-17 00:25:51,1.5,1.5,43757,FRESUBIN PROTEIN ENERGY VANILLA 200ML,1,3.48,3.48
25796,INV20520,2026-01-17 00:25:51,1.5,1.5,43758,FRESUBIN ENERGY FIBRE DRINK BANANA,1,3.48,3.48
25823,INV20547,2026-01-17 08:09:47,10.0,10.0,43802,PARACETAMOL 10MG/ML 100ML INJ,100,1.05,105.0
25823,INV20547,2026-01-17 08:09:47,10.0,10.0,43803,METRONIDAZOLE IV 0.5% 100ML INJ,100,0.6,60.0
25823,INV20547,2026-01-17 08:09:47,10.0,10.0,43804,ENDOTRACHEAL TUBE 7.5MM UNCU+,20,0.6,12.0
25823,INV20547,2026-01-17 08:09:47,10.0,10.0,43805,TRACHEOSTOMY TUBE SIZE 6.5,8,3.5,28.0
25823,INV20547,2026-01-17 08:09:47,10.0,10.0,43806,OXY STARTER PACK,1,17.0,17.0
25828,INV20552,2026-01-17 09:48:46,10.0,10.0,43818,FRESUBIN ENERGY FIBRE DRINK STRAWBERRY,4,3.48,13.92
25828,INV20552,2026-01-17 09:48:46,10.0,10.0,43819,FRESUBIN PROTEIN ENERGY VANILLA 200ML,2,3.48,6.96
26075,INV20799,2026-01-20 08:05:30,40.0,40.0,44174,ANTALGIC SYRUP 100ML,10,1.1,11.0
26075,INV20799,2026-01-20 08:05:30,40.0,40.0,44175,NGT 14,30,0.59,17.7
26114,INV20838,2026-01-20 14:38:22,0.5,0.5,44229,FOLEY CATHERTER SIZE 6,30,1.0,30.0
26116,INV20840,2026-01-20 14:59:58,5.0,5.0,44233,FRESUBIN ENERGY FIBRE DRINK STRAWBERRY,6,3.48,20.88
26116,INV20840,2026-01-20 14:59:58,5.0,5.0,44234,FRESUBIN HP ENERGY 500ML,5,7.390000000000001,36.95
26188,INV20912,2026-01-21 10:54:30,3.0,3.0,44322,NORETHISTERONE 5MG TABS 100S,1,41.4,41.4
26409,INV21133,2026-01-23 13:28:14,24.0,100.0,44679,HEPARIN 5000INJ 5ML,20,4.8,96.0
26455,INV21179,2026-01-23 18:56:29,12.0,12.0,44752,NIFEDIPINE (CALCIGARD) 20MG TABS 100S,5,4.0,20.0
26455,INV21179,2026-01-23 18:56:29,12.0,12.0,44753,OMEPRAZOLE (OMICAP) 20MG CAPS,1,5.5,5.5
26499,INV21223,2026-01-24 09:49:42,30.0,40.0,44829,RIVAROXABAN (VAROXA) 10MG,6,11.18,67.08
26499,INV21223,2026-01-24 09:49:42,30.0,40.0,44830,THORACOLUMBAR CORSET ALL SIZES JEM,1,48.0,48.0
26499,INV21223,2026-01-24 09:49:42,30.0,40.0,44831,SACUBITRIL 24MG/VALSARTAN 26MG 30`S,4,8.5,34.0
26499,INV21223,2026-01-24 09:49:42,30.0,40.0,44832,SINOCARE GLUCOMETER (SAFE ACCU),2,10.0,20.0
26499,INV21223,2026-01-24 09:49:42,30.0,40.0,44833,HEMODIALYSIS CATHETER 12FR*20CM DOUBLE LUMEN,2,28.0,56.0
26535,INV21259,2026-01-24 15:11:52,35.0,35.0,44887,HEPARIN 5000INJ 5ML,3,4.8,14.4
26539,INV21263,2026-01-24 15:56:07,3.0,3.0,44893,NORMAL SALINE 0.9% 200ML,2,1.9,3.8
26539,INV21263,2026-01-24 15:56:07,3.0,3.0,44894,GOLDGESIC  SYRUP 100ML,1,3.01,3.01
26539,INV21263,2026-01-24 15:56:07,3.0,3.0,44895,LOSARTAN/HCT 50/12.5 (PRESARTAN H 50) TABS 28S,1,2.8,2.8
26672,INV21396,2026-01-26 08:46:30,2.0,2.0,45092,SACUBITRIL/VALSATAN 50MG UPERIO,6,27.5,165.0
26672,INV21396,2026-01-26 08:46:30,2.0,2.0,45093,SECNIDAZOLE (TAGERA FORTE) 1G TABLET,40,0.53,21.2
26675,INV21399,2026-01-26 09:51:38,3.0,0.0,45098,TRESIBA FLEXIPEN 100IU/ML 3ML,2,18.0,36.0
26787,INV21511,2026-01-27 09:10:20,9.0,9.0,45275,PREGNANCY SHAKE MOM 2 B,3,10.0,30.0
26787,INV21511,2026-01-27 09:10:20,9.0,9.0,45276,LOREAL WRINKLE EXPERTS DAY CREAM,1,14.81,14.81
26789,INV21513,2026-01-27 09:52:05,0.5,0.5,45279,GOLDGESIC  SYRUP 100ML,12,3.01,36.12
26790,INV21514,2026-01-27 10:06:20,20.0,20.0,45281,SAFERON SYRUP (IRON IIIHYDROXIDE POLYMALTOSE,35,4.1,143.5
26830,INV21554,2026-01-27 14:57:25,30.0,30.0,45343,SODIUM CHLORIDE 0.9% 1000ML,10,1.65,16.5
27058,INV21782,2026-01-29 11:36:10,1.0,1.0,45683,BUDESONIDE INHALER 200MCG,12,4.5,54.0
27058,INV21782,2026-01-29 11:36:10,1.0,1.0,45684,ALBUMIN 20% 100ML,6,72.22,433.32
27058,INV21782,2026-01-29 11:36:10,1.0,1.0,45685,SOLIFENACIN 5MG TABS 30S,2,12.29,24.58
27192,INV21915,2026-01-30 11:54:23,10.0,10.0,45896,IBUPROFEN GEL 30G,4,1.9,7.6
27192,INV21915,2026-01-30 11:54:23,10.0,10.0,45897,RUBRAGEL SUSPENSION 100ML,10,2.77,27.7
27192,INV21915,2026-01-30 11:54:23,10.0,10.0,45898,RUBRAGEL SUSPENSION 200ML,20,5.93,118.6
27192,INV21915,2026-01-30 11:54:23,10.0,10.0,45899,HEPARIN 5000INJ 5ML,2,4.8,9.6
27192,INV21915,2026-01-30 11:54:23,10.0,10.0,45900,PLASTER OF PARIS 100MMX2.7M,20,0.32999999999999996,6.6
27192,INV21915,2026-01-30 11:54:23,10.0,10.0,45901,MEROPENEM INJ 1G(SUNPHARMA),15,7.28,109.2
27192,INV21915,2026-01-30 11:54:23,10.0,10.0,45902,AZITHROMYCIN SUSPENSION 200/50MG (ZEE),9,4.75,42.75
27192,INV21915,2026-01-30 11:54:23,10.0,10.0,45903,CLOSCRIPT 2% VAG CREAM 50MG,3,4.96,14.88
27590,INV22312,2026-02-02 14:13:20,29.0,29.0,46488,LOSARTAN 100MG TABS (LOSAGEN) 30`S,3,3.1999999999999997,9.6
27681,INV22401,2026-02-03 09:46:53,3.0,3.0,46612,MEROPENEM INJ 1G(SUNPHARMA),4,7.28,29.12
27974,INV22693,2026-02-05 15:06:26,17.0,100.0,47055,TRAMACET TABS 30S,2,2.4,4.8
28186,INV22905,2026-02-07 16:34:49,1.0,1.0,47371,GAVISCON LIQ DOUBLE ACTION SACHETS SINGLES,72,0.41,29.52
28310,INV23029,2026-02-09 09:27:47,0.5,0.5,47567,DERVACORT OINTMENT 15G,60,1.75,105.0
28632,INV23351,2026-02-11 17:52:02,2.5,2.5,48071,TED STOCKINGS ASSORTED,8,15.0,120.0
28790,INV23509,2026-02-13 09:29:16,0.5,0.5,48313,PERMANENT CATHERTER,1,200.0,200.0
28873,INV23589,2026-02-13 20:38:04,1.0,1.0,48447,TRAMADOL 50MG CAPSULES (VAR) 100S,1,2.76,2.76
28873,INV23589,2026-02-13 20:38:04,1.0,1.0,48448,NORFLEX CO TABS 120S,1,13.98,13.98
28924,INV23640,2026-02-14 10:09:43,5.0,5.0,48516,MARC JACOBS DAISY LOVE 2PC,1,102.7,102.7
28924,INV23640,2026-02-14 10:09:43,5.0,5.0,48517,FERRERO,1,9.0,9.0
28924,INV23640,2026-02-14 10:09:43,5.0,5.0,48518,GIFT BAG LARGE,1,1.5,1.5
29216,INV23931,2026-02-17 07:39:32,10.0,10.0,48973,DICLOFENAC EYE DROPS,5,1.0,5.0
29216,INV23931,2026-02-17 07:39:32,10.0,10.0,48974,COFSYL DM 200ML,2,5.34,10.68
29346,INV24061,2026-02-18 10:16:58,60.0,60.0,49174,S26 GOLD STAGE 1 900G,1,20.0,20.0
29346,INV24061,2026-02-18 10:16:58,60.0,60.0,49175,LEVETIRACETAM ORAL SOLUTION 100MG/ML 300ML,9,7.739999999999999,69.66
29346,INV24061,2026-02-18 10:16:58,60.0,60.0,49176,TAZOBACTAM INJ 4G/70ML TAZOCIN,12,21.25,255.0
31862,INV26567,2026-03-13 08:25:03,0.5,0.5,52935,SYRINGE 10ML WITH NEEEDLE,300,0.07,21.0
31862,INV26567,2026-03-13 08:25:03,0.5,0.5,52936,SYRINGE   5ML 100s,200,6.8,1360.0
32159,INV26864,2026-03-16 10:41:42,25.0,25.0,53430,QUETIAPINE 200MG,34,14.0,476.0
32159,INV26864,2026-03-16 10:41:42,25.0,25.0,53431,QUETIAPINE 100MG TABS 30S,23,12.829999999999998,295.09
32161,INV26866,2026-03-16 11:11:39,10.0,10.0,53436,SECURE SINGLES,240,0.22,52.8
32252,INV26957,2026-03-17 08:58:01,1.0,1.0,53582,MMT  TABS 1000S (NEUTRACID TAB),1,5.18,5.18
32252,INV26957,2026-03-17 08:58:01,1.0,1.0,53583,LUX SOAP 175G SOFT TOUCH,2,1.5,3.0
32252,INV26957,2026-03-17 08:58:01,1.0,1.0,53584,RUBRAGEL SUSPENSION 200ML,5,5.93,29.65
32252,INV26957,2026-03-17 08:58:01,1.0,1.0,53585,HIV TEST KITS REGULAR,20,1.26,25.2
32252,INV26957,2026-03-17 08:58:01,1.0,1.0,53586,CLEAR BLUE - DIGITAL,2,9.5,19.0
32252,INV26957,2026-03-17 08:58:01,1.0,1.0,53587,OXY ZIT BLITZER 10ML,2,4.0,8.0
32252,INV26957,2026-03-17 08:58:01,1.0,1.0,53588,SANEX SHOWER GEL PRO HYDRATE 750ML,3,9.0,27.0
32252,INV26957,2026-03-17 08:58:01,1.0,1.0,53589,SANEX EXPERT  KIDS SHOWER GEL 500ML,1,6.5,6.5
32252,INV26957,2026-03-17 08:58:01,1.0,1.0,53590,SANEX ZERO BODY WASH 750MLS,1,9.0,9.0
32252,INV26957,2026-03-17 08:58:01,1.0,1.0,53591,RENNIES PEPPERMINT TABS 24S,2,4.0,8.0
32252,INV26957,2026-03-17 08:58:01,1.0,1.0,53592,GENPAYNE CAPS 30S,3,4.53,13.59
32252,INV26957,2026-03-17 08:58:01,1.0,1.0,53593,OLOPATADINE EYEDROPS 0.1%,28,3.0,84.0
32252,INV26957,2026-03-17 08:58:01,1.0,1.0,53594,AURONE FORTE EAR DROPS 15ML,1,6.5,6.5
32252,INV26957,2026-03-17 08:58:01,1.0,1.0,53595,CARMELLOSE 1% EYE DROPS 10ML,13,2.37,30.81
32477,INV27182,2026-03-19 09:50:04,10.0,10.0,53969,SODIUM CHLORIDE 200ML,70,1.0,70.0
32477,INV27182,2026-03-19 09:50:04,10.0,10.0,53970,ARM SLING PEADS,6,7.02,42.12
32477,INV27182,2026-03-19 09:50:04,10.0,10.0,53971,ARM SLINGS,17,17.25,293.25
32701,INV27406,2026-03-21 09:26:29,110.0,110.0,54332,JANUMET (SITAGLIPTIN/METFORMIN) 50/1000MG,3,38.0,114.0
33033,INV27735,2026-03-24 08:34:40,2.0,2.0,54826,LOSARTAN 50MG TABS 30S (VALOSAR),2,2.55,5.1
33063,INV27765,2026-03-24 12:43:50,12.0,0.0,54870,UTROGESTAN 100MG CAPS 30S,1,23.0,23.0
34025,INV28720,2026-04-02 09:10:56,3.0,3.0,56402,METRONIDAZOLE IV 0.5% 100ML INJ,400,0.6,240.0
34250,INV28941,2026-04-04 10:16:08,5.0,5.0,56764,ALBUMIN 20% 100ML,2,72.22,144.44
34697,INV29386,2026-04-09 09:25:39,10.0,100.0,57434,MAXITROL EYE OINT 3.5GM,2,7.08,14.16
34715,INV29404,2026-04-09 12:38:10,4.0,10.0,57462,UTROGESTAN 200MG CAPSULES 15S,2,22.0,44.0
34723,INV29412,2026-04-09 13:52:59,18.0,20.0,57477,ALBUMIN 20% 50ML,4,45.0,180.0
35130,INV29815,2026-04-13 16:35:42,4.0,0.0,58071,MIDAZOLAM (DORMICUM) 5MG/5ML INJ 5ML,3,3.0,9.0
35130,INV29815,2026-04-13 16:35:42,4.0,0.0,58072,CANNULA 22G (BLUE),1,0.17,0.17
35369,INV30053,2026-04-15 19:56:22,14.0,20.0,58419,FLUCOR NON-DROWSY,10,1.33,13.3
35369,INV30053,2026-04-15 19:56:22,14.0,20.0,58420,BETACIDE MOUTH WASH 200ML,5,2.63,13.15
35369,INV30053,2026-04-15 19:56:22,14.0,20.0,58421,HISTABAN SYRUP 100ML,3,4.62,13.86
35470,INV30152,2026-04-16 19:47:54,2.0,2.0,58560,BENZYLPENICILLIN INJ  1s,15,2.0,30.0
35570,INV30252,2026-04-17 16:31:43,16.5,0.0,58713,TRAMADOL 50MG CAPSULES (VAR) 100S,5,6.9,34.5
35657,INV30337,2026-04-18 18:41:23,1.0,1.0,58864,PUS SWAB (WITH LIQUID),5,0.3,1.5
35714,INV30394,2026-04-19 15:09:55,10.0,100.0,58950,ALBUMIN 20% 50ML,3,45.0,135.0
35925,INV30601,2026-04-21 12:51:45,2.0,2.0,59269,OZEMPIC (SEMAGLUTIDE) 1MG,1,185.0,185.0
36056,INV30729,2026-04-22 14:40:04,1.0,1.0,59469,ENSURE GOLD,4,11.0,44.0
36056,INV30729,2026-04-22 14:40:04,1.0,1.0,59470,SENSODYNE  T/PASTE FRESH MINT 75ML,6,4.5,27.0
36056,INV30729,2026-04-22 14:40:04,1.0,1.0,59471,ACTRAPID VIAL 10ML,4,4.8,19.2
36056,INV30729,2026-04-22 14:40:04,1.0,1.0,59472,ACTRAPHANE VIAL  10ML,12,4.8,57.6
36056,INV30729,2026-04-22 14:40:04,1.0,1.0,59473,TETANUS VACC.10/DOSE 5ML,10,2.8,28.0
36264,INV30935,2026-04-24 14:18:37,6.0,10.0,59794,PARACETAMOL (ANTALGIC) 500MG TABS 1000S,1,10.8,10.8
36543,INV31211,2026-04-27 14:19:04,5.0,20.0,60188,SURGIVAC DRAIN 3MM,1,10.5,10.5
37236,INV31898,2026-05-04 11:21:11,2.0,2.0,61245,ELASTOPLAST WATERPROOF SINGLES,300,0.02,6.0
37236,INV31898,2026-05-04 11:21:11,2.0,2.0,61246,IBUPROFEN 400MG TABS 1000S,1,9.0,9.0
37236,INV31898,2026-05-04 11:21:11,2.0,2.0,61247,PARACETAMOL (ANTALGIC) 500MG TABS 1000S,1,10.8,10.8
37451,INV32112,2026-05-06 09:08:23,3.0,3.0,61557,AIR-RING,10,26.0,260.0
37525,INV32185,2026-05-06 19:13:29,40.0,100.0,61663,CORILIEF 5 FLU SYRUP 200ML,1,4.5,4.5
37525,INV32185,2026-05-06 19:13:29,40.0,100.0,61664,SODIUM VALPROATE SYRUP 100ML (EPIVULEX),1,12.0,12.0
37528,INV32188,2026-05-06 19:48:02,18.0,20.0,61670,BENZYL PENICILLIN 5MEGA INJ,25,2.0,50.0
37528,INV32188,2026-05-06 19:48:02,18.0,20.0,61671,BENYLIN 4 FLU 200MLS 1,5,5.61,28.05
37632,INV32291,2026-05-07 15:51:16,3.0,3.0,61844,VENTEZE COMPLETE INHALER,2,2.1,4.2
37944,INV32601,2026-05-10 09:06:11,2.0,2.0,62304,BENYLIN 4 FLU 200MLS 1,6,5.609999999999999,33.66
38037,INV32694,2026-05-11 11:31:02,10.0,20.0,62438,PREGNANCY TEST CASSETTE,100,0.22,22.0
38037,INV32694,2026-05-11 11:31:02,10.0,20.0,62439,LATEX GLOVES,500,2.5,1250.0
38210,INV32865,2026-05-12 14:37:54,1.0,1.0,62718,ENOXAPARIN (LOMOH)40MG,5,3.6100000000000003,18.05
38233,INV32888,2026-05-12 17:45:25,15.0,0.0,62753,COMBIGAN EYE DROPS 5ML,9,17.0,153.0
38233,INV32888,2026-05-12 17:45:25,15.0,0.0,62754,FAMILY PEANUT BUTTER 300G,2,2.0,4.0
38233,INV32888,2026-05-12 17:45:25,15.0,0.0,62755,TRAMADOL 50MG/2ML INJ,5,5.0,25.0
38233,INV32888,2026-05-12 17:45:25,15.0,0.0,62756,KONAKION PAED INJ 2MG/0.2ML 5S,2,16.665,33.33
38237,INV32891,2026-05-12 17:58:22,20.0,0.0,62761,VICTOZA (LIRAGLUTIDE) 6MG/ML PEN 1S,1,52.0,52.0
38237,INV32891,2026-05-12 17:58:22,20.0,0.0,62762,MMR VACCINE,31,19.950000000000003,618.45
38465,INV33115,2026-05-14 18:30:46,19.0,20.0,63087,SODIUM VALPORATE 200MG (TORRENT) 100S TABS,1,6.83,6.83
38657,INV33306,2026-05-16 12:42:56,2.0,2.0,63360,PARACETAMOL 10MG/ML 100ML INJ,20,1.05,21.0
39146,INV33789,2026-05-21 11:10:11,35.0,35.0,64077,UTROGESTAN 200MG CAPSULES 15S,4,22.0,88.0
39371,INV34011,2026-05-23 12:01:08,1.0,5.0,64420,FML EYE DROPS 5ML FLOUROMETHALONE,3,16.38,49.14
39945,INV34582,2026-05-29 11:18:04,2.0,0.0,65226,BETAPRO DM SYRUP 100ML,12,2.98,35.76
39945,INV34582,2026-05-29 11:18:04,2.0,0.0,65227,ALFOXID SUSPENSION 100ML,12,2.62,31.44
39945,INV34582,2026-05-29 11:18:04,2.0,0.0,65228,ALLERGEX  100ML,24,2.37,56.88
39945,INV34582,2026-05-29 11:18:04,2.0,0.0,65229,PANADO SYRUP 100ML,24,1.47,35.28
40318,INV34953,2026-06-01 17:51:35,20.0,20.0,65780,ZIM SOX,10,10.0,100.0
40395,INV35030,2026-06-02 14:26:42,7.0,7.0,65884,SULPHUR OINT  50G,2,1.25,2.5
40395,INV35030,2026-06-02 14:26:42,7.0,7.0,65885,SULPHUR OINT 100G,1,4.23,4.23
40395,INV35030,2026-06-02 14:26:42,7.0,7.0,65886,CALAMINE LOTION 100ML,5,2.0,10.0
40395,INV35030,2026-06-02 14:26:42,7.0,7.0,65887,BENZYL BENZOATE LOTION 100MLS,4,2.09,8.36
40492,INV35127,2026-06-03 10:17:05,1.0,1.0,66038,FACE MASKS B/50,2,1.3,2.6
40615,INV35249,2026-06-04 11:34:48,114.0,115.0,66233,DEXTROSE 50% 50ML,20,2.82,56.4
40615,INV35249,2026-06-04 11:34:48,114.0,115.0,66234,ENCICARB 500MG/10ML INJ,1,16.53,16.53
40632,INV35265,2026-06-04 13:16:52,22.0,0.0,66260,K TAPE,2,5.0,10.0
40659,INV35292,2026-06-04 15:32:20,5.0,5.0,66299,COSMO BABY OIL,1,2.5,2.5
40870,INV35503,2026-06-06 16:24:56,62.0,62.0,66626,UTROGESTAN 200MG CAPSULES 15S,2,22.0,44.0
40943,INV35576,2026-06-07 09:47:37,1.0,1.0,66729,PARACETAMOL (ANTALGIC) 500MG TABS 1000S,2,10.8,21.6
41022,INV35655,2026-06-08 09:26:35,4.0,4.0,66853,COKE PET,6,0.53,3.18
41022,INV35655,2026-06-08 09:26:35,4.0,4.0,66854,PEANUTS PRECOOKED NUTS 100G,4,0.65,2.6
41173,INV35806,2026-06-09 15:12:39,1.0,1.0,67098,ACTIVATED CHARCOAL 100G,4,3.0,12.0
41595,INV36227,2026-06-13 13:17:56,10.0,10.0,67687,MINUTE MAID REFRESHER BERRY,48,0.39999999999999997,19.2
41595,INV36227,2026-06-13 13:17:56,10.0,10.0,67688,MINUTE MAID REFRESHER LEMON,24,0.43,10.32
41595,INV36227,2026-06-13 13:17:56,10.0,10.0,67689,MINUTE MAID REFRESHER ORANGE,24,0.43,10.32
41960,INV36592,2026-06-17 10:54:24,28.0,50.0,68197,MUPIROCIN SUPIROCIN OINTMENT 15G,6,3.4600000000000004,20.76
41960,INV36592,2026-06-17 10:54:24,28.0,50.0,68198,PYNGO TABETS 20`S,5,3.0,15.0
41960,INV36592,2026-06-17 10:54:24,28.0,50.0,68199,ESOMEPRAZOLE INJ 40MG,6,6.0,36.0
41960,INV36592,2026-06-17 10:54:24,28.0,50.0,68200,MOISOL EYE DROPS 5ML,4,2.37,9.48
41960,INV36592,2026-06-17 10:54:24,28.0,50.0,68201,PATANOL EYE DROPS,3,8.540000000000001,25.62
41960,INV36592,2026-06-17 10:54:24,28.0,50.0,68202,NAN 2 400G,2,4.7,9.4
43273,INV37899,2026-06-29 10:32:28,16.25,16.25,70171,MEFENAMIC (VARISTAN) ACID SUSPENSION,33,2.4,79.2
43273,INV37899,2026-06-29 10:32:28,16.25,16.25,70172,ZINC OXIDE OINT 50G,40,1.5,60.0
45827,INV40449,2026-07-21 12:39:12,8.0,8.0,74130,WEGOVY (SEMAGLUTIDE) 1MG 3ML,1,164.0,164.0
46354,INV40971,2026-07-24 18:59:53,10.0,10.0,74937,ZITHROMAX 500MG TABS 3S,6,4.8,28.8
46462,INV41078,2026-07-25 17:04:43,25.0,30.0,75089,4CS SYRUP 100ML,7,1.7,11.9
46462,INV41078,2026-07-25 17:04:43,25.0,30.0,75090,FLUMED SYRUP 100ML,1,1.9,1.9
46462,INV41078,2026-07-25 17:04:43,25.0,30.0,75091,FLUMED TABS 24S,8,1.91,15.28
46462,INV41078,2026-07-25 17:04:43,25.0,30.0,75092,STREPSILS 24S EUCALYPTUS/MENTHOL,2,3.53,7.06
46462,INV41078,2026-07-25 17:04:43,25.0,30.0,75093,COLDSEAL LOZENGES 24S MINT,3,2.3000000000000003,6.9
46462,INV41078,2026-07-25 17:04:43,25.0,30.0,75094,SD CHECK GLUCOSTRIPS,4,11.0,44.0
46462,INV41078,2026-07-25 17:04:43,25.0,30.0,75095,STREPSILS INTENSIVE SPRAY,2,4.95,9.9
46462,INV41078,2026-07-25 17:04:43,25.0,30.0,75096,IMMUFIT-C 1000MG 20S,2,3.0,6.0
46462,INV41078,2026-07-25 17:04:43,25.0,30.0,75097,PROSEAL VITAMIN C + ZINC 1000/10MG 20S,3,3.31,9.93
46462,INV41078,2026-07-25 17:04:43,25.0,30.0,75098,SOLPHYLLEX SYRUP 200ML DATLABS,1,5.78,5.78
46462,INV41078,2026-07-25 17:04:43,25.0,30.0,75099,BENYLIN ORIGINAL 100ML,6,4.82,28.92
46462,INV41078,2026-07-25 17:04:43,25.0,30.0,75100,BENYLIN 4 FLU 200MLS 1,7,5.61,39.27
46863,INV41477,2026-07-28 19:09:04,0.5,0.5,75671,TED STOCKINGS ASSORTED,4,15.0,60.0
47031,INV41645,2026-07-29 22:30:11,21.0,21.0,75939,RINGERS LACTATE 1000ML,12,1.64,19.68
47314,INV41926,2026-07-31 21:50:52,6.0,6.0,76375,GOLDGESIC  SYRUP 100ML,6,3.01,18.06
47314,INV41926,2026-07-31 21:50:52,6.0,6.0,76376,STOPAYNE SYRUP 100ML,1,3.62,3.62
49931,INV44539,2026-08-21 12:52:41,1.5,0.0,80355,ACTIVATED CHARCOAL 125G,2,3.4,6.8
50795,INV45399,2026-08-28 16:45:40,2.0,2.0,81646,LACTULOSE 3.35GM/5ML SOLUTION (LAXALINK),4,7.4,29.6
50795,INV45399,2026-08-28 16:45:40,2.0,2.0,81647,CITRO SODA SACHETS SINGLES,60,0.33,19.8
50795,INV45399,2026-08-28 16:45:40,2.0,2.0,81648,FLUMED TABS 24S,4,1.91,7.64
50795,INV45399,2026-08-28 16:45:40,2.0,2.0,81649,RELCER GEL 180ML,4,3.75,15.0
50795,INV45399,2026-08-28 16:45:40,2.0,2.0,81650,ALFOXID SUSPENSION 100ML,4,2.62,10.48
50795,INV45399,2026-08-28 16:45:40,2.0,2.0,81651,PANADO SYRUP 100ML,4,1.47,5.88
50795,INV45399,2026-08-28 16:45:40,2.0,2.0,81652,ADCO-LINCTOPENT SYRUP 100ML,6,2.78,16.68
50795,INV45399,2026-08-28 16:45:40,2.0,2.0,81653,NUROFEN (IBUPROFEN) 100MG/5ML  100ML,7,5.0,35.0
